date,year,month,basin,land_temp_2m_C,land_dewpoint_C,surface_pressure_hPa,wind_speed_10m,u_component_of_wind_10m,v_component_of_wind_10m,dewpoint_depression_C,precip_mm
1982-01-01,1982,1,gulf_mexico_harvey,16.238250008273706,10.912700713334514,1003.252158958378,0.9709946627380028,-0.6489522117684755,0.2261456311905331,5.325549294939224,55.20960380646178
1982-02-01,1982,2,gulf_mexico_harvey,17.5182358798643,12.802934508021536,1003.483255948206,1.0656990102690571,-0.8105887552658138,-0.3351995910058777,4.715301371842657,76.00017775709071
1982-03-01,1982,3,gulf_mexico_harvey,20.40273163720094,15.491447569422183,1000.7825804968925,1.3516154027879776,-1.0301843434266307,0.6065522766205098,4.911284067778704,71.30891585297593
1982-04-01,1982,4,gulf_mexico_harvey,22.521072146523167,16.85675365812856,999.8924077341405,1.3131532607702403,-1.1749605363864093,0.4566496294439712,5.664318488394549,97.62159432567998
1982-05-01,1982,5,gulf_mexico_harvey,24.406990836018426,19.264655827445367,998.9784871193301,1.953262185427525,-1.4959180247147537,0.7728861629325108,5.142335008573067,109.6425394168482
1982-06-01,1982,6,gulf_mexico_harvey,26.627394044285214,22.09995807905612,998.3298745956879,1.6607376306198172,-0.47869529805586536,1.0385372342899597,4.527435965229125,149.48175623707087
1982-07-01,1982,7,gulf_mexico_harvey,26.734612368575323,22.4573989195427,1001.333007337958,1.7424574215643551,-0.7876067538623618,0.883912383528845,4.277213449032719,135.6718513014923
1982-08-01,1982,8,gulf_mexico_harvey,26.786647901552445,22.381945610713988,1001.3345887619956,1.3972394508222592,-0.8167344538301143,0.5906989612574358,4.404702290838363,113.61057177463442
1982-09-01,1982,9,gulf_mexico_harvey,25.141326761406443,20.638910316534165,999.6315256937721,1.3073318918007406,-1.1871130449358882,-0.1498363544102051,4.502416444872392,134.5481460890475
1982-10-01,1982,10,gulf_mexico_harvey,22.135199210421746,17.61591168125075,1001.2302624914513,1.352863376657493,-1.1401815362835392,-0.4983846392675969,4.519287529171066,96.65279995401221
1982-11-01,1982,11,gulf_mexico_harvey,19.535099619700205,15.468517797147909,1002.8300545908652,1.4375687514933237,-1.2454623680826022,-0.22425544130044545,4.06658182255241,84.37734548887735
1982-12-01,1982,12,gulf_mexico_harvey,17.679016651028395,13.430983715394976,1003.0403604798345,1.2452572623380025,-1.074184960634137,0.2095513157135975,4.248032935633464,99.16109253823463
1983-01-01,1983,1,gulf_mexico_harvey,14.760041722535481,10.64024932082026,1002.5251828677763,0.8863070425707325,-0.36804164519123894,-0.6422450322688588,4.119792401715231,94.18929624078339
1983-02-01,1983,2,gulf_mexico_harvey,15.929583580541838,11.299756127656595,998.9411274813602,0.6602080646657478,-0.4236841495363493,-0.2557484124641564,4.629827452885216,144.23340859824384
1983-03-01,1983,3,gulf_mexico_harvey,17.81624591883867,12.412786336449187,996.5712777373004,0.8728963691933009,-0.0897379588219231,0.3991200423405639,5.403459582389486,116.99476139169975
1983-04-01,1983,4,gulf_mexico_harvey,20.58828927779792,14.421314775514166,997.6419558866302,1.2715401739657377,-0.6187490697078114,0.6962565594098683,6.166974502283735,85.91218648819309
1983-05-01,1983,5,gulf_mexico_harvey,24.743350168555935,18.666044588209196,998.458060605576,1.8207496465088495,-1.2992838890602825,0.9184858527382412,6.077305580346754,101.40942811045684
1983-06-01,1983,6,gulf_mexico_harvey,25.604178279685502,21.774232702892427,998.2248260570824,1.3074974174534677,-1.0948563782676721,0.48833350696389044,3.829945576792999,171.35007359738424
1983-07-01,1983,7,gulf_mexico_harvey,26.655725617814124,22.583107169410713,1001.4554900549595,1.3548244888079302,-1.0073396330155582,0.2979356181488712,4.072618448403429,140.31886564478418
1983-08-01,1983,8,gulf_mexico_harvey,26.70677539993931,23.016891235155573,1001.1642542696717,1.009036389734363,-0.7698960516882465,0.31054298904639316,3.689884164783631,142.31226288479405
1983-09-01,1983,9,gulf_mexico_harvey,24.72959843629975,20.85866932360392,1000.9479076623894,1.3570225391309525,-1.2609219705356924,-0.00941298314290562,3.870929112695956,143.95034093519735
1983-10-01,1983,10,gulf_mexico_harvey,22.637375766572276,18.343331544505126,1001.711868179826,1.3529532769759662,-1.0954530065416934,-0.39125158836249435,4.29404422206714,92.30064658577108
1983-11-01,1983,11,gulf_mexico_harvey,19.543426883363274,15.022445912455524,1000.1616021429661,0.8997270523409647,-0.518435386352004,0.3763747218931249,4.520980970907809,92.61732575630651
1983-12-01,1983,12,gulf_mexico_harvey,15.393760621562224,10.651315631793498,1004.0312528625036,0.8946449490612518,-0.4538756600529705,-0.5140297668901621,4.742444989768737,91.84896295433097
1984-01-01,1984,1,gulf_mexico_harvey,14.109127441868798,9.733504213703748,1005.3120729718036,1.2194868324136723,-0.5247877881695097,-0.9480902261224519,4.375623228165099,71.41374944134493
1984-02-01,1984,2,gulf_mexico_harvey,16.443028526487108,11.099157450500243,1001.467468418189,0.6721366388517499,-0.31220419359435875,-0.07401527061638559,5.343871075986888,84.06191242800985
1984-03-01,1984,3,gulf_mexico_harvey,19.041328115720244,13.263290273123964,1000.0970059347339,1.1657339745841637,-0.5330752608586798,0.5922284474832544,5.778037842596197,73.51403405882056
1984-04-01,1984,4,gulf_mexico_harvey,22.41679191830288,14.997629624454852,997.2400596304681,1.3852899288892127,-0.4078112125046979,0.9703150317932642,7.419162293847996,52.394504502317396
1984-05-01,1984,5,gulf_mexico_harvey,24.405774624657543,18.762636271253598,999.9487603950223,1.6040465633148968,-1.200944634403073,0.7367395305217767,5.643138353404067,163.4571834029161
1984-06-01,1984,6,gulf_mexico_harvey,25.596348071183474,20.996139230481752,1000.2399944911836,1.5932796522243817,-0.989112592133717,0.8175010175751604,4.600208840701681,124.01755230433557
1984-07-01,1984,7,gulf_mexico_harvey,25.956503406779774,21.97303294468267,1000.4964195008697,1.4209775664581394,-1.0053301921324342,0.6193955413967428,3.9834704620971984,174.9025185138107
1984-08-01,1984,8,gulf_mexico_harvey,26.13285633681321,22.109023150725548,1000.5347375464173,1.2701898566019694,-0.6726957056880791,0.528441970403801,4.023833186087715,137.63662342376432
1984-09-01,1984,9,gulf_mexico_harvey,24.593873737802586,20.31020266399522,999.7230325028017,1.4539677063710377,-1.2803112948421527,-0.4055438780433702,4.283671073807357,163.03458922845843
1984-10-01,1984,10,gulf_mexico_harvey,23.504001596071006,19.35493761429313,1001.3539390148428,1.8984319423761886,-1.4764884872094313,0.3677878733196081,4.149063981777917,90.29091199858546
1984-11-01,1984,11,gulf_mexico_harvey,18.44158996155004,13.261901063018362,1003.3062587652496,1.1512959169188106,-0.7452018529917968,-0.5228427481772883,5.179688898531743,69.5289743273633
1984-12-01,1984,12,gulf_mexico_harvey,18.94483605363707,14.850508420921706,1004.4544136943624,1.692413872616355,-1.3328947410340137,0.3481491019105796,4.09432763271543,42.876420858042884
1985-01-01,1985,1,gulf_mexico_harvey,13.464521117207218,7.943723149679741,1004.5684534311182,1.0931528294420654,0.08163734460322945,-0.5421478016176868,5.520797967527468,55.24494415573501
1985-02-01,1985,2,gulf_mexico_harvey,16.075859872127122,10.719370777358534,1004.5657251198583,1.088782350160738,-0.9526092776778999,-0.08293007989820549,5.35648909476851,59.51769217362395
1985-03-01,1985,3,gulf_mexico_harvey,20.653389207454154,14.951573106588922,1001.9959035759558,1.3791402823551646,-0.9371424907494226,0.557377061388515,5.701816100865189,71.99838338990517
1985-04-01,1985,4,gulf_mexico_harvey,22.163070675596206,16.157014730210317,1000.9323506937427,1.4716225320520384,-1.149961445793277,0.5183379995319464,6.006055945385929,85.34746962513209
1985-05-01,1985,5,gulf_mexico_harvey,25.021958608217474,18.933048918778184,998.2586105992882,1.043619556099493,-0.5253847061808912,0.41837536008916515,6.088909689439302,78.91910325153515
1985-06-01,1985,6,gulf_mexico_harvey,26.628098207889092,21.43986871716642,999.6090564533936,1.5025381534700972,-0.6658977135569621,0.8146788855832788,5.188229490722762,136.58631327649812
1985-07-01,1985,7,gulf_mexico_harvey,26.39403492178291,22.172199895571687,1000.9404575601221,1.5501434598294954,-0.5755021542875643,0.798853686336802,4.22183502621124,154.7507112191054
1985-08-01,1985,8,gulf_mexico_harvey,26.800347783618964,22.42926743721032,1000.0875659030222,1.3278919793895327,-0.9775045812944185,0.6083706874522875,4.371080346408609,147.35413251007213
1985-09-01,1985,9,gulf_mexico_harvey,25.2366701483154,20.937199791498788,1000.314025192454,1.5853913591331539,-1.4421828504035292,-0.028126810040638897,4.2994703568167605,129.8128132896468
1985-10-01,1985,10,gulf_mexico_harvey,23.20078472217252,19.57028942309836,999.4080740331871,1.2388135212959106,-1.1068821373167401,-0.2523528691788988,3.6304952990741883,143.24626784040447
1985-11-01,1985,11,gulf_mexico_harvey,21.22002833875369,17.259047210817055,1000.9536999901538,1.2676461058104322,-0.9900033538602355,0.38785803907871613,3.960981127936693,62.03554706833911
1985-12-01,1985,12,gulf_mexico_harvey,15.372168993515148,10.669661654504525,1005.3450321966204,1.1226250204725752,-0.5075363230912275,-0.7554564931190867,4.7025073390105865,70.20616788555756
1986-01-01,1986,1,gulf_mexico_harvey,15.238485749948016,9.979292476056207,1005.3271997945014,0.8511561847610316,-0.2783662940905206,-0.6035855358592406,5.259193273891838,62.85428258559313
1986-02-01,1986,2,gulf_mexico_harvey,18.259580297450512,12.946558416728715,1000.3687598278341,0.9520079573637139,-0.24929865000611803,0.4633255108549037,5.313021880721679,56.48294916883899
1986-03-01,1986,3,gulf_mexico_harvey,18.98406098445634,12.076115811123309,1002.9349447287182,1.0609687232168192,-0.7346649766363046,0.2666194797153612,6.907945173333084,58.76262440924681
1986-04-01,1986,4,gulf_mexico_harvey,22.368494524639672,14.902360366776492,1000.2651908225224,1.6383168171464162,-0.8658679611697285,0.5397825352546727,7.466134157863201,44.380837442381605
1986-05-01,1986,5,gulf_mexico_harvey,24.758124779678514,18.89863518131652,998.4579775664735,1.7128166112181604,-1.2658196453088868,0.6927412582895424,5.859489598361992,114.84895614013303
1986-06-01,1986,6,gulf_mexico_harvey,26.153008641904947,22.435000311924053,999.4347083035412,1.3747766858604933,-0.8655809208692906,0.684268667635323,3.71800832998106,157.52370485323337
1986-07-01,1986,7,gulf_mexico_harvey,27.208370772589827,22.31327069528835,1002.296897674986,1.9016406574515514,-0.4581852010699809,0.9597592383589286,4.895100077301414,101.01774751994975
1986-08-01,1986,8,gulf_mexico_harvey,26.74520798042354,22.203901062056538,1000.3246952023701,1.3255041774615435,-0.8413422852324904,0.542500155697047,4.541306918367063,129.9107347636812
1986-09-01,1986,9,gulf_mexico_harvey,26.0180936294309,22.15085107052314,1001.1730775942746,1.80609603015488,-1.4457945900672893,0.557795188635641,3.8672425589077433,101.426639921755
1986-10-01,1986,10,gulf_mexico_harvey,22.821977933557108,18.23047421317538,1001.9621059177438,1.1386279647221098,-0.9960496305119007,-0.2560913496779906,4.591503720381717,124.87611075136728
1986-11-01,1986,11,gulf_mexico_harvey,20.936643012159283,17.303337561662886,1001.9189975925838,1.078641606163069,-0.8907403676514533,-0.2320215743322892,3.633305450496472,106.8740999244353
1986-12-01,1986,12,gulf_mexico_harvey,16.929260951181593,12.880061437518572,1003.5043071557791,1.2171170127594262,-0.7287764446775966,-0.7447679516123149,4.049199513663031,96.0928678597156
1987-01-01,1987,1,gulf_mexico_harvey,15.061537575166765,9.850163951561635,1002.343703431743,0.8181278853848086,0.08945360505035967,-0.21730252445400058,5.211373623605079,77.68338866910757
1987-02-01,1987,2,gulf_mexico_harvey,17.273945873517068,12.380655253221683,1000.3370299030082,0.7476085463868384,-0.5576896688612011,-0.09935367347638302,4.8932906202953275,99.16232745610957
1987-03-01,1987,3,gulf_mexico_harvey,18.635613933424665,13.121692537802897,999.2116036065045,0.8028074424100675,-0.6011208892777619,-0.09155972729982065,5.513921395621792,114.73345380639907
1987-04-01,1987,4,gulf_mexico_harvey,20.574830549785702,12.547943326074087,1000.3962106637896,1.3492189972064137,0.20231572870535022,-0.23127795871766682,8.026887223711581,29.051650065429985
1987-05-01,1987,5,gulf_mexico_harvey,24.932048798408008,19.768258010458307,999.8635172683682,1.8508783731856036,-1.4477437228160652,0.5066804786156229,5.163790787949775,101.14765574219365
1987-06-01,1987,6,gulf_mexico_harvey,26.14629820288015,22.107260106106843,999.8800210996366,1.3289330978890934,-0.9874119502499347,0.5678663447210327,4.039038096773354,173.5557682790242
1987-07-01,1987,7,gulf_mexico_harvey,26.698417548634346,22.904186768486312,1000.9582210472616,1.4508792646476867,-0.9708633105864195,0.5017773397317224,3.7942307801479083,166.32690182008426
1987-08-01,1987,8,gulf_mexico_harvey,27.32982401945513,22.925110203272034,1000.4047701359469,1.4458440333359406,-0.5919276293843296,0.5810278607300756,4.404713816183059,126.48287119340692
1987-09-01,1987,9,gulf_mexico_harvey,25.772387632570265,21.19770417495013,999.3948356611174,0.6966852940393375,-0.5635617530783045,0.056259756677589014,4.574683457620011,120.40319244176466
1987-10-01,1987,10,gulf_mexico_harvey,21.425967834806684,14.507233045054031,1002.6658800983282,1.7555026480494478,-0.791433458296583,-1.1551422762077759,6.918734789752613,55.672405402611886
1987-11-01,1987,11,gulf_mexico_harvey,19.34247269507741,14.368885766685068,1002.4874254794221,1.1640539765237206,-0.882898971804666,-0.5044238197026241,4.97358692839238,110.47802876416024
1987-12-01,1987,12,gulf_mexico_harvey,17.66081159896559,13.069883819623627,1002.5051384979471,0.9479788513216524,-0.7028912597984692,0.08782922564350398,4.590927779341965,54.92077414665237
1988-01-01,1988,1,gulf_mexico_harvey,14.428159555731064,9.459954034505776,1006.5691771829504,1.1394016184215106,-0.8661607720094784,-0.5550404435009589,4.968205521225307,77.08396937063391
1988-02-01,1988,2,gulf_mexico_harvey,16.023004765360223,10.870124265554413,1004.3861277812096,1.0231035761456053,-0.6110592268649668,-0.40020211756471524,5.152880499805803,64.28242498390725
1988-03-01,1988,3,gulf_mexico_harvey,18.782147026688154,12.982461941229365,1002.7148698807254,1.2018428978707705,-0.8313830618675002,0.4366974884657925,5.799685085458825,92.44153451576372
1988-04-01,1988,4,gulf_mexico_harvey,22.438322616950273,15.37291759934267,998.2218057671873,1.1026027104163365,-0.22502204777907678,0.44814559586226643,7.0654050176075796,66.4960907967963
1988-05-01,1988,5,gulf_mexico_harvey,24.342821854186198,17.357869196449112,999.3944992377661,1.1553917702427812,-0.7526519992794449,0.35229145726727784,6.984952657737048,76.1197808433671
1988-06-01,1988,6,gulf_mexico_harvey,25.903038889786007,20.993613701567888,999.4741866335835,1.0357347937783976,-0.9066209269285618,0.13564755554320443,4.909425188218081,145.47065011899377
1988-07-01,1988,7,gulf_mexico_harvey,26.698950945440906,22.564634081815218,1001.7214658405617,1.5040321019272047,-0.912451123477772,0.6381058558696053,4.134316863625573,151.223281608752
1988-08-01,1988,8,gulf_mexico_harvey,26.784612078085594,22.968495437314388,999.1129104409607,1.2854172470548089,-1.0092436311582869,0.4925898370715982,3.8161166407712153,178.84035740534645
1988-09-01,1988,9,gulf_mexico_harvey,25.563820893955455,21.68566832359484,998.8588587127148,1.2798355794649372,-1.1762399811163133,0.22985556026841245,3.8781525703606037,179.50696921355632
1988-10-01,1988,10,gulf_mexico_harvey,22.004768592722204,16.849001924257507,1002.1198463430873,1.3577990315616286,-0.8942742330023279,-0.7038069052163862,5.155766668464606,66.29580226283774
1988-11-01,1988,11,gulf_mexico_harvey,20.73279067777854,15.52517336785824,1000.8046233094168,0.9939807761965915,-0.5460462995235645,0.29327068362677816,5.207617309920391,52.454250739420395
1988-12-01,1988,12,gulf_mexico_harvey,16.733127769991874,11.823812159203841,1006.0841808232409,1.1338220940127492,-0.840614220186643,-0.3582835592089386,4.909315610788107,51.88088940724346
1989-01-01,1989,1,gulf_mexico_harvey,18.30593840500545,13.84718783581541,1004.7015087825276,1.1934159416802121,-1.0537219851119133,-0.04583325671821541,4.458750569190047,63.03943957425493
1989-02-01,1989,2,gulf_mexico_harvey,16.983999392192818,11.223474800653412,1006.3669388815274,1.0607948376582987,-0.7466679287035899,-0.11675311817824294,5.760524591539279,32.20520700045389
1989-03-01,1989,3,gulf_mexico_harvey,19.494595489548878,13.824059161889963,1001.606182555236,0.9918078974251964,-0.601423577275563,0.5095531177533361,5.6705363276589,71.1425192620292
1989-04-01,1989,4,gulf_mexico_harvey,22.013926985263634,16.125765426314647,1000.7007942479914,1.2404588904280573,-0.8179066546526836,0.43976531417633696,5.888161558948986,80.55051327090031
1989-05-01,1989,5,gulf_mexico_harvey,25.349374675108994,19.361622477354466,999.8748717473992,1.8066587947717136,-0.9472445411104619,0.9803249233980486,5.9877521977546335,77.62960574278904
1989-06-01,1989,6,gulf_mexico_harvey,26.361529831161494,21.57004515742656,999.6084415776903,1.8073748884815921,-0.9558958800150739,1.1786171362819857,4.791484673734972,186.22278600984347
1989-07-01,1989,7,gulf_mexico_harvey,26.614920951695492,22.39393904243759,1001.3425537814849,1.3910857375076937,-0.723525920830699,0.6618880087713083,4.220981909257853,148.45366957006723
1989-08-01,1989,8,gulf_mexico_harvey,26.644799156827023,22.357732733401736,999.5910091510385,1.0596774580898063,-0.8183020097154146,0.376353125636946,4.28706642342506,113.8452826421628
1989-09-01,1989,9,gulf_mexico_harvey,25.226588640267046,20.583169627419853,998.6264830373325,1.27049216731117,-0.9827403368350885,-0.4801196984396988,4.643419012847248,147.9136304320649
1989-10-01,1989,10,gulf_mexico_harvey,22.100478387954368,17.014770751043084,1001.9827484821476,1.1706797706527614,-0.8143890614085662,-0.4472916778477086,5.085707636911399,78.45397677839438
1989-11-01,1989,11,gulf_mexico_harvey,19.94473677032106,15.131731346673309,1001.737057199307,0.9533454586371461,-0.7273547101908839,-0.1851686751753703,4.813005423647773,65.80712699073997
1989-12-01,1989,12,gulf_mexico_harvey,13.40924586006907,8.044354411587546,1004.4096557365144,0.8690307890325338,-0.008875864984136296,-0.5938528362281603,5.364891448481531,63.86106527716252
1990-01-01,1990,1,gulf_mexico_harvey,17.69067930149289,13.218822590261158,1003.9734949041497,1.2037190275213232,-0.8559305334827992,0.22310640662221914,4.47185671123179,70.5319047945166
1990-02-01,1990,2,gulf_mexico_harvey,19.114247149491515,13.867221941933968,1004.1752804025791,1.2874665966167185,-1.0097210966288603,0.4575962698464667,5.247025207557521,79.83021089838884
1990-03-01,1990,3,gulf_mexico_harvey,19.87265616904238,14.54349852442254,1003.8162362352165,1.6968721998482006,-1.4171865049568886,0.42665926607824917,5.329157644619888,80.24889500328655
1990-04-01,1990,4,gulf_mexico_harvey,22.120084249892788,16.514676073786188,1001.1015707730181,1.5494231599979518,-1.241065765520386,0.48807644085719615,5.605408176106537,74.20413386979386
1990-05-01,1990,5,gulf_mexico_harvey,25.487026981188176,19.853836339462436,998.5690801910273,1.7225854277368686,-1.107804539623446,1.0719821394340585,5.633190641725745,102.1875374148394
1990-06-01,1990,6,gulf_mexico_harvey,27.240765676931105,21.83939944143527,1000.4536425344055,1.8128102237815178,-0.9291809638827209,0.9501212948995132,5.4013662354959715,94.00918636517382
1990-07-01,1990,7,gulf_mexico_harvey,26.899468103011714,22.061609348635923,1001.3064785427422,1.245349766658826,-0.8025676663008692,0.4762103192812477,4.837858754375717,123.12002761122751
1990-08-01,1990,8,gulf_mexico_harvey,27.489864188795025,22.14740291562883,1001.0434525437624,1.2892552913858795,-0.5032700044585926,0.4344325269380321,5.342461273166125,110.6938168581593
1990-09-01,1990,9,gulf_mexico_harvey,25.999691910221223,21.22523525961502,1000.2903927160813,1.0985633264122234,-0.9571952281471793,0.0386687244720416,4.77445665060617,111.61180678738984
1990-10-01,1990,10,gulf_mexico_harvey,22.758956469685323,17.123108334953116,1000.8379477892636,1.1838588519492248,-0.8016669379845689,-0.5854477831591013,5.635848134732198,68.9981805027029
1990-11-01,1990,11,gulf_mexico_harvey,20.049377958380347,14.656782438922594,1003.1725769209557,1.456048231869553,-1.0846133719023803,-0.32771506241404763,5.39259551945776,56.109012310048826
1990-12-01,1990,12,gulf_mexico_harvey,17.797884291628254,12.968924581581948,1004.2256364520088,1.2293695884370712,-0.9798346014082273,0.17132366364502144,4.828959710046395,58.99725171259595
1991-01-01,1991,1,gulf_mexico_harvey,16.870766018930446,12.99768302309429,1003.613303915207,1.0797259708961964,-0.8696873012521371,-0.20093538827988408,3.873082995836188,131.67900022218674
1991-02-01,1991,2,gulf_mexico_harvey,17.605502000854454,11.822650559150166,1004.0302152917668,0.7657816556259233,-0.5671069783766408,-0.2291593959161528,5.782851441704243,54.61062934379739
1991-03-01,1991,3,gulf_mexico_harvey,20.745760891336307,14.011565823841096,998.3578291358256,1.2173971104768664,-0.5098292015969366,0.8172750026426517,6.734195067495203,68.31937812139267
1991-04-01,1991,4,gulf_mexico_harvey,23.883970551290115,18.614535449118613,998.8931819995205,1.8780361043468925,-1.4277194724965165,1.0599582772748517,5.26943510217156,124.6314969081765
1991-05-01,1991,5,gulf_mexico_harvey,25.57818791538994,21.268065262299995,999.0248375606503,1.9448101561264843,-1.68950069639051,0.8454253856005977,4.31012265309003,151.7187614053714
1991-06-01,1991,6,gulf_mexico_harvey,26.461805768431386,22.26509468675056,999.5792406012288,1.37200539339506,-0.9541710501700044,0.6631735775981499,4.1967110816809,149.30034860479952
1991-07-01,1991,7,gulf_mexico_harvey,26.962928106193676,22.79062995521582,1001.2267758187725,1.5553942638268885,-0.48256916168135955,0.7738435129411134,4.172298150977881,142.18307062614457
1991-08-01,1991,8,gulf_mexico_harvey,26.838902232240564,22.52176677710963,1001.2487627384438,1.2299381346159404,-0.7385993909482543,0.538446499165028,4.317135455131002,131.6257718428929
1991-09-01,1991,9,gulf_mexico_harvey,25.057572417614022,21.054274354818517,1001.2373090167404,1.3910565826819576,-1.2571587010638021,-0.29073824359474254,4.003298062795523,131.0876860694391
1991-10-01,1991,10,gulf_mexico_harvey,22.946824890475902,18.08640398835516,1000.2890287856239,1.4301693077915538,-1.1538820615997707,-0.14516699183641585,4.860420902120774,100.19486133476433
1991-11-01,1991,11,gulf_mexico_harvey,17.694479368198813,12.326976411182727,1004.2505687436017,1.2801858264926589,-0.8664985246493524,-0.453175177635211,5.367502957016177,53.99943185659495
1991-12-01,1991,12,gulf_mexico_harvey,17.69810647963762,13.509570262645646,1005.1204414631515,1.316319079840948,-1.1332006258860774,-0.29686587821323884,4.18853621699198,82.98235694966048
1992-01-01,1992,1,gulf_mexico_harvey,15.362232219618253,10.946490581815837,1002.9681035809547,0.9701546792844232,-0.3432324072727073,-0.5790353447266332,4.41574163780237,106.84987500642144
1992-02-01,1992,2,gulf_mexico_harvey,17.447934614638047,12.681562205946532,1001.0525809692739,0.5895248904208422,-0.3797077646259706,0.002468686997192788,4.76637240869158,99.70884379373214
1992-03-01,1992,3,gulf_mexico_harvey,19.623359104158734,13.8753982175688,1000.9985376459516,1.210832632642586,-0.5932375320200006,0.4270600693259858,5.747960886589983,63.249292658727065
1992-04-01,1992,4,gulf_mexico_harvey,21.563896722564355,15.992917401945848,1000.0743883565708,1.1638774359045425,-0.9287489250082601,0.15035839349110133,5.570979320618527,92.8066050926924
1992-05-01,1992,5,gulf_mexico_harvey,23.72852047334713,17.399964560620433,1000.2299923337794,1.2443988399896924,-0.8739157991333905,0.1192240450130187,6.328555912726571,78.64305052607736
1992-06-01,1992,6,gulf_mexico_harvey,26.418273901196972,22.393390220441674,996.9087908790931,1.5475207984100368,-0.30603778010660926,1.035663816091917,4.02488368075543,169.58436599599352
1992-07-01,1992,7,gulf_mexico_harvey,27.14996345471241,22.498886611604533,1001.8784492868269,2.1038051222455993,-0.7156616113568999,1.1548117196909775,4.651076843107819,106.8033430079093
1992-08-01,1992,8,gulf_mexico_harvey,26.179174929705656,21.84410908000703,1001.5416186415022,1.141825229942899,-0.8730279190326973,0.2989194749982221,4.335065849698643,146.777594356345
1992-09-01,1992,9,gulf_mexico_harvey,25.470408341539187,21.442026350762227,1000.0489032851407,1.3934388165956402,-1.2429040370528235,-0.022067506912780293,4.02838199077698,125.1020846309987
1992-10-01,1992,10,gulf_mexico_harvey,22.49534243558924,17.487694247789342,1000.9527903243727,1.081794738895755,-0.7815304207420946,-0.24381067001744572,5.007648187799883,77.12537341835406
1992-11-01,1992,11,gulf_mexico_harvey,18.961840446173593,14.597832286059996,1001.4060188699356,1.124365619096451,-0.9285639051291772,-0.16251506693396922,4.364008160113584,115.0968849245432
1992-12-01,1992,12,gulf_mexico_harvey,17.81724131110678,13.433935838089958,1003.869094325589,1.2504048522725242,-1.0413171538871404,-0.24936180974119618,4.383305473016825,51.93138604504621
1993-01-01,1993,1,gulf_mexico_harvey,17.564925606948254,13.465720007893177,1003.8038702510797,1.0961641472553436,-0.8913150076515713,-0.42833002307734525,4.099205599055103,105.12184362339264
1993-02-01,1993,2,gulf_mexico_harvey,16.837177016237177,11.396378758115457,1002.537235927684,0.846940162702503,-0.5887750059559571,-0.25778139986002774,5.440798258121686,56.9894240402566
1993-03-01,1993,3,gulf_mexico_harvey,18.392606348086414,12.861391056069044,1001.5475856214123,0.7907621788001308,-0.5666721635560067,0.11325225356656678,5.531215292017289,106.8972841876567
1993-04-01,1993,4,gulf_mexico_harvey,21.004096696538667,14.425221537224381,998.9294340485797,1.2494447704843294,-0.8441940753163862,0.4619633234256378,6.57887515931426,81.78420883722369
1993-05-01,1993,5,gulf_mexico_harvey,24.08733755692135,18.28704131294696,998.3798078341911,1.3582054772264145,-1.0589803350459985,0.4815240482657056,5.800296243974442,112.63501562419617
1993-06-01,1993,6,gulf_mexico_harvey,26.35005477769414,21.869992766939156,999.3813588526185,1.8557475956128575,-1.262759945297387,0.9465611434178142,4.480062010754902,169.17699480042677
1993-07-01,1993,7,gulf_mexico_harvey,27.423924231475088,22.575265053272034,1001.0734157885973,1.9580765310469577,-0.6321760183605466,1.0695791434154966,4.848659178203046,92.59759522650823
1993-08-01,1993,8,gulf_mexico_harvey,27.575604767669805,22.167494442933744,1000.916309363996,1.4859060054653754,-0.7072842818404963,0.6998408111996687,5.408110324736075,98.15974769726354
1993-09-01,1993,9,gulf_mexico_harvey,25.876374497445557,21.227419152402373,1000.3051935909183,1.1469402247345093,-1.0070479941853177,0.21644714818265617,4.648955345043225,134.45471654307457
1993-10-01,1993,10,gulf_mexico_harvey,22.658848296428083,18.267557583137684,1000.3524544004823,0.8007010474700922,-0.576068130410273,-0.3223047604729281,4.391290713290313,136.09603045837449
1993-11-01,1993,11,gulf_mexico_harvey,18.743900367519423,14.164819225060679,1003.7607562560149,1.2028607565334466,-0.8471763657652644,-0.6857481274571287,4.579081142458793,62.91310939196789
1993-12-01,1993,12,gulf_mexico_harvey,16.35983423192649,11.078681180148443,1003.5937257014374,0.9296899802346613,-0.41681153376177593,-0.5347301504999062,5.281153051778037,49.340656384898395
1994-01-01,1994,1,gulf_mexico_harvey,15.596148908593504,10.956113655705925,1005.112366904258,1.0220394386403946,-0.8313856020583921,-0.36238986566341674,4.640035252887622,95.09329003146664
1994-02-01,1994,2,gulf_mexico_harvey,17.73963530953482,13.03544682441623,1004.0717032786787,1.1429662407451844,-1.0179298530404834,-0.014705140740291419,4.704188485118492,52.55422432239954
1994-03-01,1994,3,gulf_mexico_harvey,19.778942939657703,13.877182567231037,1001.1095079424897,0.9008536239018229,-0.3504899623449195,0.25947749549689664,5.901760372426651,67.41714543123646
1994-04-01,1994,4,gulf_mexico_harvey,22.84322244108945,17.098510838245016,1001.1942381372883,1.7877825063915107,-1.4209149992668275,0.7817612481999293,5.744711602844404,70.57018083465252
1994-05-01,1994,5,gulf_mexico_harvey,24.96967956870547,19.02395172867625,999.0464424250272,1.1451383025252997,-0.7931629375713293,0.2628665578010033,5.945727840029241,89.89550352576862
1994-06-01,1994,6,gulf_mexico_harvey,26.433334056730796,22.412193000763644,999.7812065869239,1.7560186594264697,-0.6706002894225446,1.1318819618684843,4.021141055967175,144.09776465835853
1994-07-01,1994,7,gulf_mexico_harvey,26.879146870497085,21.81817693404331,1001.5474962261542,2.0210141039533465,-0.8900979799730826,1.1754609678236314,5.060969936453777,116.49008970835379
1994-08-01,1994,8,gulf_mexico_harvey,26.305142883455485,22.221210412604023,1000.9592752433487,1.351620036899987,-1.0870365281547627,0.5258132912264378,4.083932470851518,141.5611430855456
1994-09-01,1994,9,gulf_mexico_harvey,24.99253552392867,20.54050154632901,1000.2124201680164,0.927870750811652,-0.8349386373826341,-0.05106864087554597,4.452033977599615,132.76047609124765
1994-10-01,1994,10,gulf_mexico_harvey,23.059654797983665,18.784263477029867,998.7825877626964,1.128616777522829,-1.0327586199942842,-0.13238577553838538,4.275391320953782,117.29414885640611
1994-11-01,1994,11,gulf_mexico_harvey,21.18661135256913,16.404310875311452,1001.6913252450628,1.2828978206010193,-1.0157252336420914,-0.400726116681342,4.782300477257811,49.69890692026062
1994-12-01,1994,12,gulf_mexico_harvey,17.79952983648354,13.482102052196476,1003.3359568235778,1.1826165868977339,-0.7476802456687125,-0.7785402506093205,4.317427784287092,72.7298106591262
1995-01-01,1995,1,gulf_mexico_harvey,16.17867440820128,10.945597776176793,1003.0695269569667,0.7863353669817078,-0.1624828499900442,-0.16640376291278838,5.233076632024451,86.07729177148883
1995-02-01,1995,2,gulf_mexico_harvey,17.3383464575987,11.42517233497191,1003.8329271279656,0.8527019607731721,-0.40445702960477414,-0.052087121327917006,5.913174122626724,45.031605835762214
1995-03-01,1995,3,gulf_mexico_harvey,19.775602017807017,14.207353703731373,1001.2539295468313,1.092636433573476,-1.0162292036805087,-0.05300703098875106,5.568248314075574,105.49524926136407
1995-04-01,1995,4,gulf_mexico_harvey,22.55911832175584,16.692438300995374,998.0524953548891,1.459541434343746,-1.1055060903742502,0.717910884256334,5.866680020760558,89.24388449533049
1995-05-01,1995,5,gulf_mexico_harvey,26.26041901801963,20.015463190825542,997.7569875096575,1.8342567675216772,-1.0778938871739017,1.2216134149489932,6.244955827194044,68.88717576241775
1995-06-01,1995,6,gulf_mexico_harvey,26.348118308209663,20.955504327194106,998.7716731580176,1.2676098005369276,-0.794252225322524,0.6123190111044255,5.3926139810156695,132.05673509385912
1995-07-01,1995,7,gulf_mexico_harvey,27.276940107769754,22.533244977566138,1000.0553749188405,1.4923169847236581,-0.702315923784692,0.7407926043753778,4.743695130203639,131.53342688655968
1995-08-01,1995,8,gulf_mexico_harvey,27.204436466654336,23.086721692571277,997.6746526186532,1.0521637310325385,-0.8846991992093366,0.32100522262809467,4.1177147740830815,153.5933247275459
1995-09-01,1995,9,gulf_mexico_harvey,25.781123195838,21.306569009021,999.230381526619,1.0523560301685384,-0.9137066868327262,-0.17383161648114875,4.474554186816976,141.72374317381886
1995-10-01,1995,10,gulf_mexico_harvey,22.819438172222092,17.961987490743894,998.7991257144097,1.3162429146612962,-0.9821110013221437,-0.3456341590547472,4.857450681478213,165.73323334023019
1995-11-01,1995,11,gulf_mexico_harvey,18.79981160397797,14.002465947910597,1003.7475571381603,1.0285860613482476,-0.7527590115777247,-0.5075751532994018,4.797345656067416,79.23540586263593
1995-12-01,1995,12,gulf_mexico_harvey,16.400418616298378,12.006121209339225,1003.9220886074991,0.8396225666796309,-0.5480925095493508,-0.33997646747892724,4.394297406959097,70.58346736891596
1996-01-01,1996,1,gulf_mexico_harvey,15.196163111897498,10.003112916485456,1003.2527775335593,0.7661568449576832,-0.2781160865139687,0.043088504485218275,5.193050195412034,49.80911621769041
1996-02-01,1996,2,gulf_mexico_harvey,16.760409899375844,10.555218983796248,1003.2717870562958,1.1481937265052968,-0.25317023565412133,0.1413167588689353,6.205190915579632,31.373167186708105
1996-03-01,1996,3,gulf_mexico_harvey,17.470669518565465,10.774974206634852,1002.1494592391069,0.7628381024221756,-0.4972201856197244,0.05100303036986337,6.695695311930643,87.39049622835088
1996-04-01,1996,4,gulf_mexico_harvey,21.50793860947328,15.075187811882062,1000.5536381521307,1.4870906968991637,-0.8760764616230926,0.7615306418068122,6.432750797591138,73.04273745040278
1996-05-01,1996,5,gulf_mexico_harvey,25.603808073684487,19.87781684550548,1000.3276878018364,2.35079802859491,-1.3435882244804074,1.4049920624116823,5.725991228179135,60.993439786448626
1996-06-01,1996,6,gulf_mexico_harvey,26.325962895567773,21.403054062208195,1000.1973949114398,1.5099228894747871,-0.8655577161888427,0.8104943913251708,4.922908833359523,129.4075111896634
1996-07-01,1996,7,gulf_mexico_harvey,27.437791229667138,22.13207171626145,1001.23812074013,1.8652977443356626,-0.6996931018151643,1.0601405477058463,5.305719513405713,98.16336090671537
1996-08-01,1996,8,gulf_mexico_harvey,26.285396070055906,22.240744315079727,1001.2541409267839,1.3679796942441766,-1.0730779369952703,0.4367759436231957,4.044651754976103,167.03917894448017
1996-09-01,1996,9,gulf_mexico_harvey,25.63659931972704,21.287178930057507,998.0768265884856,0.8777359287106927,-0.6827592607964015,0.2855354805358446,4.349420389669507,109.67361610431104
1996-10-01,1996,10,gulf_mexico_harvey,22.530813501410112,18.093291694173203,1000.3250569995884,1.2892200568547854,-1.1237377108803865,-0.316647949527991,4.437521807236963,118.61068434042751
1996-11-01,1996,11,gulf_mexico_harvey,19.412518521236322,14.240113073025242,1003.682356977139,1.5406913216336549,-1.179079145922055,-0.45185541862453465,5.1724054482110295,51.40921251934043
1996-12-01,1996,12,gulf_mexico_harvey,17.198272033880166,12.456573343423138,1003.9005284195397,1.0098350407871715,-0.6189203167200887,-0.027111445011230802,4.741698690456951,57.536410682945814
1997-01-01,1997,1,gulf_mexico_harvey,15.763471146176645,10.768072159458042,1004.4838190060742,0.8062164296789041,-0.4014714931993514,-0.3888374520301717,4.9953989867185244,66.26783309527104
1997-02-01,1997,2,gulf_mexico_harvey,17.947787526744033,13.212088727588485,1004.2068318964944,1.3317552150324736,-1.2371508296845866,-0.019769378937512988,4.735698799155473,77.1855490197302
1997-03-01,1997,3,gulf_mexico_harvey,21.399021083502497,15.96127480001137,1002.080665960405,1.1357508301046535,-0.9014896516512548,0.32325446300593796,5.437746283491145,80.77861706645005
1997-04-01,1997,4,gulf_mexico_harvey,21.441976072790467,15.359049994146147,998.8687992354174,0.9905176857447696,-0.7842530344656028,0.3345495145634097,6.082926078644363,123.20471166571824
1997-05-01,1997,5,gulf_mexico_harvey,24.392138433883495,19.074359292091177,1000.3503849353581,1.3358059480341313,-0.926543727501821,0.5057705163085049,5.3177791417924025,100.9558260967929
1997-06-01,1997,6,gulf_mexico_harvey,25.8939026287938,21.67057238426858,998.1367235390567,1.3151146269368985,-0.639142697976539,0.7850617100394077,4.223330244525212,140.94480517013463
1997-07-01,1997,7,gulf_mexico_harvey,27.280098990646344,22.658067374438378,1000.9467634783543,1.5502422201300672,-0.6292743781501715,0.6322949488239443,4.6220316162079635,116.46159092375389
1997-08-01,1997,8,gulf_mexico_harvey,27.193513236816585,22.07518894641957,1001.1676470728318,1.2399738398927962,-0.8078674780969994,0.4286743548221453,5.118324290397051,97.17533966818323
1997-09-01,1997,9,gulf_mexico_harvey,25.98643991493961,21.1955375877664,998.98957077402,0.932768693051372,-0.8101152409483239,0.12698367163192825,4.790902327173274,125.01644655153999
1997-10-01,1997,10,gulf_mexico_harvey,22.434756943800675,17.45648350889403,1000.6373220531973,1.3468228939931146,-1.217421786327096,-0.15528224889219486,4.978273434906595,114.66252666046157
1997-11-01,1997,11,gulf_mexico_harvey,18.524326188420428,14.214397862690877,1001.3723266971135,0.9266401409910766,-0.5528998363588822,-0.49530371019680164,4.309928325729552,111.50515089426516
1997-12-01,1997,12,gulf_mexico_harvey,15.784657137071699,11.160021743620323,1000.9240076419852,0.8079005116195538,0.04658155263575963,-0.35179330648477053,4.624635393451352,101.80139994122572
1998-01-01,1998,1,gulf_mexico_harvey,17.082147658285997,12.992999890153545,1001.2786567132998,0.979313056220007,-0.8225205678491989,0.10314626882475718,4.089147768132416,109.0683230326652
1998-02-01,1998,2,gulf_mexico_harvey,17.112327434092688,11.506688425690955,997.4137501741451,0.7095618491165978,-0.2804664991253261,0.21323543399830724,5.605639008401625,109.56911747505977
1998-03-01,1998,3,gulf_mexico_harvey,18.29165669136663,11.96503823189712,1001.3425310361016,1.3034526252830794,-0.8992267800173175,0.37005639080205477,6.326618459469534,80.75197878228394
1998-04-01,1998,4,gulf_mexico_harvey,22.19112745180404,14.935136726247693,999.3681432240649,1.251767790253606,-0.7504749998494697,0.5685004520976898,7.255990725556363,50.2212231163893
1998-05-01,1998,5,gulf_mexico_harvey,26.447001579993117,19.12006671446626,998.1925350687712,1.7910763050172533,-0.48174916263695056,1.1302043979872172,7.326934865526904,39.92064461518083
1998-06-01,1998,6,gulf_mexico_harvey,28.596700373028927,22.085244050412737,999.3741939611048,2.368545762691663,-0.703509260382369,1.4685662031187474,6.511456322616117,60.03538205797754
1998-07-01,1998,7,gulf_mexico_harvey,28.051782918805426,22.723644837912587,1000.9819204245935,1.823959394845728,-0.5206338492677014,0.8770255534956496,5.328138080892822,122.70565945197123
1998-08-01,1998,8,gulf_mexico_harvey,27.467838286905792,22.80572777083418,1000.3485655728433,1.07650782343969,-0.9157576028710068,0.18187096531846048,4.662110516071569,131.1172697761774
1998-09-01,1998,9,gulf_mexico_harvey,26.16379541830343,22.608524063652354,996.5787227607822,1.5539493814767076,-1.319453199077835,0.25198967475047834,3.5552713546510297,243.06580637979317
1998-10-01,1998,10,gulf_mexico_harvey,23.273740014854543,19.0603689931188,1001.8307947551159,1.7293832365939066,-1.4749175144474256,-0.3409698005256388,4.213371021735706,119.89889487723484
1998-11-01,1998,11,gulf_mexico_harvey,20.697323944562722,16.91157385719268,1002.6624194691035,1.1586280077065516,-1.0390917466136533,-0.15476483395903934,3.785750087370056,105.98932938438173
1998-12-01,1998,12,gulf_mexico_harvey,17.71718851436578,13.499714080843749,1005.2678535093435,1.0256939927283306,-0.7915710014082327,-0.5133299922107158,4.217474433522133,44.80634747241799
1999-01-01,1999,1,gulf_mexico_harvey,17.056656686965137,12.116290258091492,1004.4196701776641,1.258691683868166,-0.7468429339973306,0.3101373646995516,4.940366428873648,67.78805752996088
1999-02-01,1999,2,gulf_mexico_harvey,18.24416715886709,12.305754552607958,1004.1592251007329,1.1223525715342768,-0.5417874312346145,0.19028049310123007,5.93841260625911,31.42356755892224
1999-03-01,1999,3,gulf_mexico_harvey,19.459405790558403,12.507587132442223,1001.5308110023439,1.1351072807895175,-0.9551499464268209,0.18221898024649627,6.951818658116209,57.791003105576394
1999-04-01,1999,4,gulf_mexico_harvey,23.787674042732252,16.646491468152163,999.8932929508308,1.7909986973479262,-0.81311089133827,1.0257017295326494,7.141182574580115,39.22261913581591
1999-05-01,1999,5,gulf_mexico_harvey,25.314893531544964,18.69854559351204,999.3411494390734,1.5127376283502556,-1.0997316099047234,0.7600472054654616,6.616347938032919,69.83599297915649
1999-06-01,1999,6,gulf_mexico_harvey,25.954328863286815,21.821168402494802,1000.1611078914697,1.7616587401577666,-1.3165102160842301,0.793763858367549,4.133160460791955,158.35859559035558
1999-07-01,1999,7,gulf_mexico_harvey,26.48605890139289,22.482960742755196,1002.0829089306785,1.5453678195065563,-0.9611199142281893,0.6324794420578183,4.003098158637749,129.92699473146388
1999-08-01,1999,8,gulf_mexico_harvey,27.785244051529883,22.432317580564728,999.1041197775679,1.035723617032578,-0.3865121249705923,0.49956292599618457,5.352926470965136,110.83283684957465
1999-09-01,1999,9,gulf_mexico_harvey,25.477963624883515,20.125978277183055,998.0432593005428,1.0418966264033898,-0.8183824614539275,-0.27263767562314184,5.351985347700498,141.48205739749187
1999-10-01,1999,10,gulf_mexico_harvey,22.215337647429227,17.23906891102617,1001.4926726847744,1.4299940183861368,-1.0300209382910481,-0.7681675438227803,4.976268736403029,135.27125466773944
1999-11-01,1999,11,gulf_mexico_harvey,19.114906206436707,13.615174774431484,1004.6472945134067,1.533346863337547,-0.7737983092711657,-0.9961301353985816,5.499731432005161,42.231679778714145
1999-12-01,1999,12,gulf_mexico_harvey,16.285263797271426,10.899391860678756,1005.2099665135026,0.7749654821687509,-0.520523253307804,-0.30495097679187916,5.385871936592714,56.70060230257042
2000-01-01,2000,1,gulf_mexico_harvey,16.550706971098382,10.921005930712765,1005.7575999326103,0.9717926223725478,-0.6810881199814778,-0.1314340526731486,5.629701040385618,45.38165667945027
2000-02-01,2000,2,gulf_mexico_harvey,18.0927228822092,12.056171314313568,1006.0311562103687,1.3676430700210416,-0.963424564050501,0.2850425051632625,6.0365515678956765,24.241628555434108
2000-03-01,2000,3,gulf_mexico_harvey,21.17543450740306,14.891424324694407,1000.9023190774635,1.3080384292722675,-1.0136720355320965,0.5936033935143656,6.28401018270869,64.47290995983606
2000-04-01,2000,4,gulf_mexico_harvey,22.253829437681237,14.918976181694362,1001.2421388263363,1.2248926903602642,-0.6487897582550548,0.41587717223760085,7.334853255986868,51.26817721185311
2000-05-01,2000,5,gulf_mexico_harvey,25.798900604305462,19.34358248883243,999.9371565815509,2.111800904063396,-1.0815100617099729,1.3065348268176085,6.45531811547307,71.25679108749466
2000-06-01,2000,6,gulf_mexico_harvey,26.30871795164597,21.145239339602654,1001.6753513145957,1.9431477451542076,-1.2529199702296119,1.0112260365086572,5.1634786120433365,117.40176805601175
2000-07-01,2000,7,gulf_mexico_harvey,27.77907419813848,21.257384980007437,1000.5298878280481,1.6101398337005155,-0.4690975151903653,0.7597321165904694,6.521689218130974,77.66705954724847
2000-08-01,2000,8,gulf_mexico_harvey,27.240693044241734,21.774033768510975,1001.3495886349715,1.36480046079104,-0.7754633068264422,0.4606728875158339,5.4666592757305725,107.53829494945417
2000-09-01,2000,9,gulf_mexico_harvey,25.602131916519994,20.675812080899902,998.6104369782726,1.1094474557308314,-1.0208507697635312,-0.0027136479065720262,4.926319835620126,139.04064652937618
2000-10-01,2000,10,gulf_mexico_harvey,22.17276881103664,16.674143899418453,1003.5315646949076,1.8641804607351455,-1.3695194067422545,-0.6209862900725276,5.498624911618123,71.82558264128274
2000-11-01,2000,11,gulf_mexico_harvey,18.800686732276194,13.74319048262072,1002.1446003869808,0.9478861275043637,-0.7840042119071737,-0.24020317677670874,5.057496249655502,107.51622323656926
2000-12-01,2000,12,gulf_mexico_harvey,14.618903069869612,9.529021908002493,1006.368793834233,1.419275265905491,-0.6655198291716942,-1.153781720603281,5.089881161867142,55.59446466089058
2001-01-01,2001,1,gulf_mexico_harvey,14.058501037412308,8.773290240930615,1005.8845284852189,0.9809304896684834,-0.44269056496319964,-0.5332369854392403,5.285210796481759,56.36738709518341
2001-02-01,2001,2,gulf_mexico_harvey,18.790833844220966,13.804053105104796,1005.1370518123958,1.4662284199239402,-1.2908662640672044,0.1526692868183388,4.986780739116106,35.52452351404577
2001-03-01,2001,3,gulf_mexico_harvey,18.541015728814035,12.259096439228681,1000.2371793246251,1.088844528681472,-0.2607454647384948,-0.1700966538574583,6.281919289585321,114.54862840982298
2001-04-01,2001,4,gulf_mexico_harvey,22.85266817383505,16.363714364553566,1002.9987984877896,2.0363381024532963,-1.5368136039356752,0.7239030202737445,6.48895380928152,37.104143395646695
2001-05-01,2001,5,gulf_mexico_harvey,24.464555332395115,18.2670637666398,1000.4701119753219,1.6904596471264932,-0.9746561649392045,0.7015156909863858,6.1974915657553105,75.4284681483407
2001-06-01,2001,6,gulf_mexico_harvey,26.16856299673964,21.445176611954892,1000.7486289277971,1.6252734912987645,-0.9932183511979082,0.8644363448098382,4.723386384784728,140.95283680406712
2001-07-01,2001,7,gulf_mexico_harvey,26.98493989182984,22.202209446277795,1000.8822679758309,1.4827666631334386,-0.7868817868184508,0.800038908935936,4.782730445552052,126.63911070592576
2001-08-01,2001,8,gulf_mexico_harvey,26.933235818329575,22.299405696413896,1001.5335765111699,1.4713615097459225,-0.917233490598992,0.5587137849372787,4.633830121915632,137.24652933415607
2001-09-01,2001,9,gulf_mexico_harvey,24.79162945250444,20.814049618893286,999.5590977038389,1.085011029059041,-0.9402855382151114,-0.06925604235177168,3.977579833611109,170.67296255045312
2001-10-01,2001,10,gulf_mexico_harvey,21.845699979331748,16.70038744225693,1003.0693408260543,1.6677072704773963,-1.3434583778946383,-0.46121153725546915,5.145312537074899,101.62378182995435
2001-11-01,2001,11,gulf_mexico_harvey,20.13240256852121,15.104305727802695,1003.5081898531215,1.366045935651916,-1.1338259181270685,-0.45701697858261686,5.028096840718532,67.13351475317653
2001-12-01,2001,12,gulf_mexico_harvey,17.809882736096483,13.078984096286899,1003.3606396947482,0.9817198987629633,-0.7483397970783066,-0.4227806714907929,4.730898639809568,59.388770362870765
2002-01-01,2002,1,gulf_mexico_harvey,16.334258945869735,11.594664984947716,1004.5244272058992,0.8024734923971394,-0.5570633855704684,0.027117232386171312,4.739593960922018,53.39665909963117
2002-02-01,2002,2,gulf_mexico_harvey,15.934588693880887,9.941851113911135,1005.6663869205051,1.086438261433615,-0.45967048764050494,-0.762205406007544,5.992737579969698,55.41845492121196
2002-03-01,2002,3,gulf_mexico_harvey,19.621085657300576,13.625685453434428,1002.910281205389,1.3410765605104362,-1.1352534783545847,0.3464093280578095,5.995400203866205,58.78266960887191
2002-04-01,2002,4,gulf_mexico_harvey,23.79406676848812,17.297810036378163,1002.057074679613,1.8972665246649236,-1.4565970802820225,0.7515436996738581,6.496256732110029,44.32312665947168
2002-05-01,2002,5,gulf_mexico_harvey,25.37166066944863,18.487653127773726,1000.4587535765977,1.9390488471071863,-1.467173138388784,0.6863388630440217,6.884007541674837,62.70882123123646
2002-06-01,2002,6,gulf_mexico_harvey,26.08628312428468,21.6112909943767,999.6171596953815,1.4886044356875605,-1.243740078264599,0.6606296002114894,4.474992129907983,171.4393820563418
2002-07-01,2002,7,gulf_mexico_harvey,26.90256466479235,22.597121303842,1002.0727350125832,1.5752327862648992,-0.8258944614006204,0.7661556156960672,4.305443360950363,126.84054743302205
2002-08-01,2002,8,gulf_mexico_harvey,26.980621960961017,22.11771205394143,1000.8273939142482,1.4291355351798274,-1.1926628833673123,0.3917301863588752,4.862909907019548,110.11791408889871
2002-09-01,2002,9,gulf_mexico_harvey,25.782922998925258,21.808991327169633,997.4810128458433,1.3324425315960424,-1.102120213007433,0.0059128844570163494,3.973931671755602,211.25086440659783
2002-10-01,2002,10,gulf_mexico_harvey,23.510214335784934,19.926395292992055,999.8026966168399,1.1853703766503243,-1.0692973062704825,-0.31435691044780284,3.583819042792902,143.92778839363064
2002-11-01,2002,11,gulf_mexico_harvey,18.359441002118214,13.303128519947675,1003.6761087983057,1.004065141418355,-0.3438103213412334,-0.7167276258733726,5.056312482170562,88.84169187607172
2002-12-01,2002,12,gulf_mexico_harvey,16.223678768320664,11.685645311507962,1003.8582150103675,0.7875476056565721,-0.43722776000606195,-0.22267227751166582,4.538033456812746,102.04078585450333
2003-01-01,2003,1,gulf_mexico_harvey,13.671178494433935,8.028829705182504,1007.0872065798077,1.3130882595357005,-0.006922119068964335,-0.9483427617340017,5.642348789251446,31.138195720562525
2003-02-01,2003,2,gulf_mexico_harvey,17.189128673062584,12.231727803273051,1001.8104431453227,0.7839193927171609,-0.5987756872075999,0.05354699798423278,4.957400869789471,71.48300697076644
2003-03-01,2003,3,gulf_mexico_harvey,20.55994915107276,15.103443366257833,998.3521021339791,0.8405943516367941,-0.5951618394548214,0.1901750546500428,5.456505784814905,86.56682049416641
2003-04-01,2003,4,gulf_mexico_harvey,22.201745674097566,15.83827613350719,1000.2281397875876,1.3931099738676058,-0.8723511821142766,0.6556601494311232,6.363469540590462,54.97604079305068
2003-05-01,2003,5,gulf_mexico_harvey,26.398777636678034,19.950679266178234,998.7384375914442,1.7691075077173817,-0.8228848978627713,1.092625806249585,6.4480983704998955,59.60116347853788
2003-06-01,2003,6,gulf_mexico_harvey,26.468783012081836,22.263063434510453,998.2022643935807,1.6121716406317474,-0.9826847292660496,1.0490362099900497,4.205719577571382,175.2061423324332
2003-07-01,2003,7,gulf_mexico_harvey,26.656452221618046,22.398769439219187,1002.0668755144876,1.679321097854835,-0.8457815519812532,0.7768986330178201,4.257682782398884,118.58209878595203
2003-08-01,2003,8,gulf_mexico_harvey,26.96197483285228,22.46616428279842,1001.0272429459072,1.3401774702065203,-0.9945878488789113,0.49232273697680295,4.495810550053827,130.3978319795035
2003-09-01,2003,9,gulf_mexico_harvey,25.30035272298137,20.89027405724774,999.6918262884144,1.148949497507036,-1.0535202307345433,-0.21786455893992718,4.410078665733656,151.1295987165643
2003-10-01,2003,10,gulf_mexico_harvey,22.941572937362942,18.149094479200603,1000.0191881008333,1.062206779843977,-0.8418403664275977,-0.4366241967294485,4.792478458162288,95.63000843732453
2003-11-01,2003,11,gulf_mexico_harvey,20.573490668122275,15.352417381008877,1003.2772925475568,1.3144189140879285,-0.9771902258305183,-0.3860084959176897,5.2210732871134065,66.86809272976456
2003-12-01,2003,12,gulf_mexico_harvey,15.490017578893234,9.516364963533201,1005.2297888299985,0.9406802123082624,-0.46490800066626653,-0.507383066064271,5.973652615360123,46.18003677185359
2004-01-01,2004,1,gulf_mexico_harvey,15.988180709020835,10.534256843832328,1004.8121254513524,0.9300762602562269,-0.5232431722191057,-0.3148630946023236,5.453923865188513,56.175069879094224
2004-02-01,2004,2,gulf_mexico_harvey,16.285335561251284,11.24280680185345,1003.818004548531,1.039358369644154,-0.8160234230200941,-0.42285578093225323,5.042528759397835,97.62323949835695
2004-03-01,2004,3,gulf_mexico_harvey,20.514461031228446,14.039471744454879,1004.9735721305501,1.6714508064620182,-1.3889506463364134,0.19002453946558281,6.474989286773546,35.48131160264954
2004-04-01,2004,4,gulf_mexico_harvey,21.811536637436763,14.78319357695461,1001.3238499168618,1.3239855677616037,-0.8044116080341215,0.5262367719135278,7.028343060482235,68.90538119094104
2004-05-01,2004,5,gulf_mexico_harvey,24.585729066149167,19.0281381136841,1001.7727148560066,2.09813631415761,-1.3036993783597888,1.0203514042477297,5.557590952465133,94.49322621910717
2004-06-01,2004,6,gulf_mexico_harvey,26.585819794072414,22.168211282558637,1001.1358290966514,1.8667726008361727,-1.0037928171551933,1.0551079127000458,4.417608511513879,165.95984837846686
2004-07-01,2004,7,gulf_mexico_harvey,27.083375850133034,22.244630465952945,1000.3158909766645,1.336736382321669,-0.5667304199071925,0.6024091520972681,4.83874538418017,107.22729946389119
2004-08-01,2004,8,gulf_mexico_harvey,27.015276511268258,21.73958750782677,1000.5449321042469,1.1197322114726902,-0.7627219107959107,0.34238877174529725,5.275689003441537,119.39708578163429
2004-09-01,2004,9,gulf_mexico_harvey,25.97375273026046,20.79750847428172,998.2743790291694,1.2973090910129084,-1.0780388985335012,-0.49835078931861904,5.176244255978577,153.93966152678126
2004-10-01,2004,10,gulf_mexico_harvey,24.1511100131722,19.973390009992556,999.8908229482275,1.3769032164909307,-0.855484988289129,0.3452654967732909,4.177720003179739,101.77302162636107
2004-11-01,2004,11,gulf_mexico_harvey,20.343483562361993,15.182958839642966,1003.2025223187095,1.1243759078851134,-1.0045177718563418,-0.17157866845696407,5.160524722719124,81.79921429170123
2004-12-01,2004,12,gulf_mexico_harvey,16.04279085928685,10.183875488002151,1005.7227676571159,0.9171753023462572,-0.4427828768688141,-0.5956692016230107,5.8589153712847555,49.254177113393645
2005-01-01,2005,1,gulf_mexico_harvey,16.904452100924946,11.511749692061917,1006.4037981159531,1.0815525954096454,-0.8806947601824354,-0.29010382065025314,5.392702408863024,42.22043644206956
2005-02-01,2005,2,gulf_mexico_harvey,17.66818963095195,12.21121728729544,1003.807275653513,0.9851952185721966,-0.7575049585207606,-0.3354207749106855,5.456972343656405,73.28854180661602
2005-03-01,2005,3,gulf_mexico_harvey,19.260095203139098,13.236997145101618,998.9857725587495,0.9402967548837498,-0.16029173084211656,0.3448690625241327,6.023098058037482,82.21696780002746
2005-04-01,2005,4,gulf_mexico_harvey,21.7716869269749,14.30702558078271,999.9642467590248,1.0756991068787052,-0.6076083678135102,0.26901330352654834,7.464661346192189,68.17779547073523
2005-05-01,2005,5,gulf_mexico_harvey,24.738709468992408,18.271387135844773,998.8934556588118,1.2863129959378432,-0.9900792929842588,0.3777496682851692,6.4673223331474725,83.18438341097469
2005-06-01,2005,6,gulf_mexico_harvey,26.676454845848962,21.862790880765278,997.6800649986757,1.6291405311323166,-1.2533600595783014,0.7159152228600197,4.813663965083628,154.4028116637622
2005-07-01,2005,7,gulf_mexico_harvey,27.401320149368185,22.934371081017186,1000.1074940730321,1.3780210421105077,-0.9669176718633148,0.5686650366231486,4.466949068350868,148.47399540973163
2005-08-01,2005,8,gulf_mexico_harvey,27.55279156979195,22.929043612544646,999.2635711780996,1.0761193169841206,-0.7892466391628079,0.3976942839362743,4.623747957247275,140.0127188091637
2005-09-01,2005,9,gulf_mexico_harvey,26.911712508799337,21.28061687013047,999.6865432439024,1.1635423850861608,-0.9621154749882025,-0.14300256292764993,5.631095638668855,103.19380184078413
2005-10-01,2005,10,gulf_mexico_harvey,22.734649914931747,16.81284982286339,999.1483313387243,1.57308904749907,-0.822939210166087,-1.0600684759432146,5.921800092068366,124.51262580159879
2005-11-01,2005,11,gulf_mexico_harvey,19.974894222057873,14.034803659381023,1003.0369065597189,1.0499666201666058,-0.5900446959694472,-0.2569677502369176,5.940090562676885,57.48506403358849
2005-12-01,2005,12,gulf_mexico_harvey,16.0748391200737,10.609930232863707,1003.574000574925,0.8569637489880566,-0.3330073707121442,-0.5007177047094498,5.464908887209964,60.217668327671184
2006-01-01,2006,1,gulf_mexico_harvey,17.565612802392245,11.365723238288135,1004.1697283253128,0.9819032304926001,-0.34176080583171914,0.08612589153068469,6.199889564104055,54.01262433778287
2006-02-01,2006,2,gulf_mexico_harvey,16.537653814850344,10.196925675597834,1004.2962009080508,0.8665375348146162,-0.5052720762909707,-0.1539241262115088,6.340728139252468,50.68805496813231
2006-03-01,2006,3,gulf_mexico_harvey,20.42676218739271,12.757192665824695,1002.4393773547985,1.4147814534166576,-1.0360348664013785,0.5291383052467746,7.669569521568,27.05331855130555
2006-04-01,2006,4,gulf_mexico_harvey,24.117005529744446,16.175797575106113,999.8692622989581,1.7266757812242526,-0.8124277937785052,0.8326112933534738,7.941207954638422,33.61788015038619
2006-05-01,2006,5,gulf_mexico_harvey,25.37096531467536,18.02187655260842,999.0824874458885,1.6234880423520621,-0.4873971792572338,0.7228356254693608,7.34908876206692,70.9330789486514
2006-06-01,2006,6,gulf_mexico_harvey,26.697596544050352,20.452292158961995,999.690853888031,1.1197725071308868,-0.7902281180978775,0.3389328583891558,6.245304385088435,120.61940826380541
2006-07-01,2006,7,gulf_mexico_harvey,26.97803419527812,22.390420157588167,1001.6243742792014,1.6742929462297667,-1.05975475616547,0.7703371158924852,4.58761403768986,150.21945220132824
2006-08-01,2006,8,gulf_mexico_harvey,27.594398559820878,22.5722729846768,999.9731966994723,1.4098439065619248,-0.746535144134676,0.626578282043838,5.0221255751442015,116.5561557883558
2006-09-01,2006,9,gulf_mexico_harvey,25.89742845219582,20.550454197694265,999.4317993500193,0.8358634973675045,-0.6996999189299827,0.22247062286774066,5.346974254501509,112.56827711704328
2006-10-01,2006,10,gulf_mexico_harvey,23.408307447148957,17.57076610804774,999.9176472689463,1.0589948947092622,-0.8579498728327499,-0.17715307813291595,5.837541339101269,121.38399197968457
2006-11-01,2006,11,gulf_mexico_harvey,18.921174374446757,13.538979482770472,1002.4038967502238,1.1031681993624407,-0.6233540393792804,-0.5053460050268894,5.3821948916763,61.02378059317561
2006-12-01,2006,12,gulf_mexico_harvey,17.437049531973678,12.633107254233641,1005.7118531086982,1.265033499290975,-1.0515404107129427,-0.4629519111883837,4.803942277740052,99.28307230498916
2007-01-01,2007,1,gulf_mexico_harvey,16.311499442283246,11.569693294080725,1005.6675668755693,1.286396546984207,-0.8940687505600023,-0.644923082919406,4.741806148202489,80.88669387567923
2007-02-01,2007,2,gulf_mexico_harvey,16.4976558954618,11.014364037197154,1003.2200383310616,0.8726793040691929,-0.2998692818621989,-0.015640221795952324,5.483291858264601,48.62466977646539
2007-03-01,2007,3,gulf_mexico_harvey,20.547440957911014,13.872850463952917,1003.787548674816,1.8879706430386798,-1.4834105590870248,0.34473868229357607,6.674590493958062,53.432937444411685
2007-04-01,2007,4,gulf_mexico_harvey,21.88016799301016,14.281342590717385,1000.3499933954629,1.0887475294800102,-0.7244319390214778,0.16301265863353057,7.598825402292727,55.0698542819925
2007-05-01,2007,5,gulf_mexico_harvey,24.93729927636584,17.744522063362805,1000.3070576904594,1.8825357912442073,-1.5728228585025543,0.11629937572664527,7.192777213003043,78.23905188303591
2007-06-01,2007,6,gulf_mexico_harvey,26.60355181857528,21.513873263947335,999.2677626042139,1.486024879383047,-0.8469199398885218,0.8241816292010834,5.0896785546279615,118.52461100868977
2007-07-01,2007,7,gulf_mexico_harvey,26.950899017982664,22.370263680554565,1000.4340455263932,1.4747300316217418,-0.5735278008513979,0.7252239794173886,4.580635337427971,153.37460079760575
2007-08-01,2007,8,gulf_mexico_harvey,27.6419597073682,22.83285264321555,999.4346208066962,1.3044161370336242,-0.9145938773423142,0.4539201080080355,4.809107064152615,143.5414052162909
2007-09-01,2007,9,gulf_mexico_harvey,25.897977490493975,21.63320056849641,1000.2422435227636,1.3359515299313034,-1.2271224511192724,-0.10633194084155294,4.264776921997462,130.57428006132722
2007-10-01,2007,10,gulf_mexico_harvey,23.3772415633515,18.294589668046893,999.1502245075845,1.3697392964337771,-1.0701225436352215,-0.5621240814310274,5.082651895304591,117.31759866146153
2007-11-01,2007,11,gulf_mexico_harvey,19.485581033231085,13.797057812333085,1004.0299088674435,1.2720532279490304,-0.8024381789402714,-0.6873907619197673,5.688523220898024,53.676175308112605
2007-12-01,2007,12,gulf_mexico_harvey,18.465309770578592,13.576795946151956,1003.6557114426257,0.9757763624568413,-0.7712540435650572,4.0133660981980085E-4,4.888513824426669,49.43581436313013
2008-01-01,2008,1,gulf_mexico_harvey,15.94323548431592,10.411265415820342,1005.7877148214912,1.1918103427095468,-0.9171153072045298,-0.51350487445142,5.531970068495509,73.02347077795268
2008-02-01,2008,2,gulf_mexico_harvey,18.640430523930426,12.896645738411118,1002.6898572136021,1.2008267252675144,-0.6107296357398977,0.6108987184596945,5.743784785519329,65.89728489725968
2008-03-01,2008,3,gulf_mexico_harvey,19.61705174349555,13.197424027648044,1002.2071803974354,1.3880139347337468,-0.9622798272699346,0.6260916017240966,6.4196277158475095,62.497691835416525
2008-04-01,2008,4,gulf_mexico_harvey,22.48426670564982,15.504396043325354,1000.3794596588477,1.4738641068008989,-1.0716961851543994,0.5502110895427382,6.979870662324494,62.364430209280684
2008-05-01,2008,5,gulf_mexico_harvey,25.765737948063453,18.789543010861895,997.6523800899586,1.7906028440932855,-0.8203532809801468,1.1713470943792912,6.976194937201515,75.1130288117736
2008-06-01,2008,6,gulf_mexico_harvey,26.835855420246272,21.61278836588463,1000.3474756054974,2.092958746455515,-0.9331208275994464,1.2400239723368431,5.223067054361497,129.71493947404306
2008-07-01,2008,7,gulf_mexico_harvey,27.025141015481744,21.949894491780483,1000.644300708946,1.695313595584092,-0.701773939231574,0.9347386621790617,5.075246523701188,131.11703561755735
2008-08-01,2008,8,gulf_mexico_harvey,27.06243232203752,22.48162731000169,997.6225192533423,1.169429255967489,-0.479547210600965,0.5759789700468168,4.5808050120357295,171.10501816359002
2008-09-01,2008,9,gulf_mexico_harvey,25.503264054381027,20.607205930933628,998.6222435700905,1.4613360531017017,-1.1933669691800632,-0.5448366461831355,4.896058123447511,162.4360036265512
2008-10-01,2008,10,gulf_mexico_harvey,21.970783140493968,16.51977545737347,1003.0089402530374,1.5552771132044183,-1.1390728973083002,-0.729332276354162,5.451007683120516,96.77690541675132
2008-11-01,2008,11,gulf_mexico_harvey,18.377739925224308,12.247402342032844,1003.7785085094731,1.0263012850115516,-0.5072540396140884,-0.5153506017190966,6.130337583191499,41.89989589584802
2008-12-01,2008,12,gulf_mexico_harvey,17.358519652980352,11.867685169889398,1005.0952345505399,0.9636492940022325,-0.7577015246929509,0.005685784118256997,5.49083448309095,48.11958833404526
2009-01-01,2009,1,gulf_mexico_harvey,16.141650839623725,10.043554093028796,1004.8203770885451,0.840049114829318,-0.263646193167978,-0.19385078734237327,6.098096746595021,38.19061837195027
2009-02-01,2009,2,gulf_mexico_harvey,17.45291928215191,10.353484026986129,1005.6818675949136,1.4356178842886718,-1.0152620122690663,0.25679653899910004,7.099435255165672,35.44336456806554
2009-03-01,2009,3,gulf_mexico_harvey,19.735225091264653,12.816928775707078,1003.0251813279697,1.4913183221189292,-1.120601741553449,0.5736523281364999,6.9182963155575425,62.45038422358018
2009-04-01,2009,4,gulf_mexico_harvey,22.46961507724465,15.025950303279402,1000.827067827522,1.5956719227862028,-0.9501938297007537,0.887060747752513,7.443664773965207,62.503155660359624
2009-05-01,2009,5,gulf_mexico_harvey,25.37707534678122,19.218944600190397,999.1830360717638,1.4456434223809533,-1.042551024364248,0.7580502555389698,6.1581307465908965,98.2918349277585
2009-06-01,2009,6,gulf_mexico_harvey,27.45054122437486,21.41142158511903,997.7299796041356,1.7589535561694802,-0.2785289491529742,1.0442214588739436,6.039119639255797,94.43432094597401
2009-07-01,2009,7,gulf_mexico_harvey,27.860494209430247,22.09122300325141,1000.4916327980897,1.9702805307005202,-0.44177782752784867,1.0211333966816212,5.769271206178858,106.12510179500566
2009-08-01,2009,8,gulf_mexico_harvey,27.538026557703926,22.158847917402674,1000.7172821771683,1.455835032388568,-0.978034946344671,0.5582523806595245,5.3791786403012445,108.81355539985192
2009-09-01,2009,9,gulf_mexico_harvey,25.8100972179414,21.793286289381985,999.3731639830164,0.9823822348421959,-0.852535622499016,-0.15588569893687373,4.016810928559415,164.26155541931368
2009-10-01,2009,10,gulf_mexico_harvey,23.72653709067565,18.985875658191354,999.3514045528761,1.100565440632591,-0.9496959611914395,0.2280589804758364,4.740661432484285,118.3882210452397
2009-11-01,2009,11,gulf_mexico_harvey,19.126599754341598,14.328482807362683,1001.9788778840615,1.192589364990713,-0.6647150836203706,-0.8228032027116258,4.7981169469789755,88.38566362145764
2009-12-01,2009,12,gulf_mexico_harvey,16.24497079393399,11.8840367133948,1002.433659103349,1.0048378011805994,-0.5904188308419759,-0.5380228695886254,4.360934080539137,119.77006590351925
2010-01-01,2010,1,gulf_mexico_harvey,13.752010649768646,8.431057458335442,1004.1426562791034,0.9590169758727742,-0.33438790562019544,-0.5362709020514023,5.32095319143319,83.47610325559816
2010-02-01,2010,2,gulf_mexico_harvey,13.766753308479535,8.493869834422972,1001.0758131637924,1.142369096779921,-0.13719986903809134,-0.8239662105579508,5.272883474056523,88.2762544237989
2010-03-01,2010,3,gulf_mexico_harvey,17.20347480668562,10.780455513641035,999.9969445655134,0.9477371131107172,0.05688319742918483,-0.015573726378473464,6.4230192930445895,64.66393775505915
2010-04-01,2010,4,gulf_mexico_harvey,22.324808996601885,15.91637479867275,999.6914424250166,1.624690375971862,-1.1794626779154567,0.6867184851082873,6.408434197929116,63.51991078591319
2010-05-01,2010,5,gulf_mexico_harvey,26.149002687991704,19.839792386387142,998.8884243916431,1.8891702829407138,-1.2179278549470525,0.9766866373085256,6.309210301604559,71.2451929236505
2010-06-01,2010,6,gulf_mexico_harvey,27.924309892347527,22.714696067094042,999.3281419345575,1.787562359811067,-1.0662317641358516,0.9981557942590973,5.209613825253475,127.20822677856086
2010-07-01,2010,7,gulf_mexico_harvey,27.25084456846116,23.154456111029038,1000.2138817159467,1.5468070255706636,-1.1611215469925695,0.6576719398658902,4.0963884574320275,173.922728654878
2010-08-01,2010,8,gulf_mexico_harvey,27.812481436774473,23.25035972931384,998.5456158499584,1.2471003197982067,-0.6887551864241765,0.6511703482002633,4.562121707460678,161.02310872423894
2010-09-01,2010,9,gulf_mexico_harvey,26.26316660341613,21.60039825760797,998.1835726903063,1.3624723245772736,-1.2474589809855228,0.03157171006278847,4.662768345808208,141.82016148778519
2010-10-01,2010,10,gulf_mexico_harvey,23.007691570602958,15.223929792949349,1001.4335548649674,1.034104533273982,-0.3855036388712101,-0.47873426796945456,7.783761777653423,28.396772305370483
2010-11-01,2010,11,gulf_mexico_harvey,19.46202041315305,13.538664567778413,1002.5777250794606,1.0088731733786598,-0.7754562657253863,-0.16309567855819773,5.9233558453746,59.58047739389655
2010-12-01,2010,12,gulf_mexico_harvey,14.574825310698738,7.489681864826327,1003.896965379105,1.1233240443348926,-0.10305211409629432,-0.458312422314051,7.085143445872374,28.302071256585858
2011-01-01,2011,1,gulf_mexico_harvey,15.079601472073971,9.446309245442725,1002.9974055373933,0.910100184689749,-0.38622562415675304,-0.43217243015492396,5.6332922266312675,79.32025476004618
2011-02-01,2011,2,gulf_mexico_harvey,17.040086773282457,11.629351872810972,1003.7915186636042,1.0709677629031562,-0.5882884747092789,0.3516331600664925,5.410734900471421,38.06599792179869
2011-03-01,2011,3,gulf_mexico_harvey,20.739713225284902,14.085768315406854,1002.3155302482448,1.4378527775808985,-1.024851601314906,0.5932192195128702,6.6539449098781,63.525965654139036
2011-04-01,2011,4,gulf_mexico_harvey,24.537004820767073,16.663387470041496,999.0831352355749,2.2488093677874086,-1.0194916907518365,1.5795932284913046,7.873617350725597,23.974780974409462
2011-05-01,2011,5,gulf_mexico_harvey,25.902081253043583,17.638019519773206,998.3724535351575,1.9519334294425925,-1.1361182159430274,1.0292428599956789,8.264061733270346,34.491682030358774
2011-06-01,2011,6,gulf_mexico_harvey,27.79602805272882,21.26685481476479,998.9430957315305,1.9091255416149424,-0.9190098251829917,0.9989266973282694,6.5291732379639615,110.89861680482879
2011-07-01,2011,7,gulf_mexico_harvey,27.4863084538808,22.589440327529573,999.4170666720445,1.6739566607404461,-0.7288611781974073,0.8996966272095093,4.896868126351273,155.23737855908644
2011-08-01,2011,8,gulf_mexico_harvey,28.56084353661431,22.516048272639363,997.8632660362435,1.4078817454442,-0.2457873164601931,0.7377765600956687,6.044795263975084,104.2634215819507
2011-09-01,2011,9,gulf_mexico_harvey,26.132846846454697,20.37592658076907,998.9943719075268,0.7227495757238155,-0.5741614718899364,0.21612262522200154,5.7569202656856815,128.0487810905012
2011-10-01,2011,10,gulf_mexico_harvey,22.200902349369365,15.78420495628159,1000.4637161959831,1.2931276030348173,-0.7658331044424077,-0.5684752211005503,6.416697393087778,92.2575989627136
2011-11-01,2011,11,gulf_mexico_harvey,19.780176505855653,14.009901036117487,1003.466335155189,1.288113300283222,-0.9485159771600955,-0.23436513348609544,5.770275469738199,49.60818481758303
2011-12-01,2011,12,gulf_mexico_harvey,17.30934633041083,12.498935627997628,1005.662097644988,1.3075192907011655,-1.1141468738602458,-0.5225083412658812,4.810410702413112,54.34792238713067
2012-01-01,2012,1,gulf_mexico_harvey,17.367058335858975,11.728431678483668,1005.2131374170275,1.1416165829716003,-0.46291807692521614,0.14889981520332904,5.638626657375335,58.570283960446744
2012-02-01,2012,2,gulf_mexico_harvey,18.47223454802113,13.531496064725806,1003.6831259939509,0.9483329863379437,-0.844760548513495,-0.08357086635727605,4.940738483295397,77.49765228031148
2012-03-01,2012,3,gulf_mexico_harvey,21.757096337670745,15.72108370157995,1002.6474332244434,1.903955504339262,-1.3181216819551298,0.8685533809908182,6.036012636090767,72.20763385168227
2012-04-01,2012,4,gulf_mexico_harvey,23.083481496634555,16.35491702231956,1000.0708015379688,1.3104438827661633,-0.7854104666115441,0.5982992819586574,6.728564474315065,73.39370487490604
2012-05-01,2012,5,gulf_mexico_harvey,25.444341377374467,19.440958646431284,998.8787382960869,1.336401187318036,-0.8479056877690696,0.5987610343817473,6.00338273094322,115.49539583986451
2012-06-01,2012,6,gulf_mexico_harvey,26.500661585774743,21.364891077296694,998.1858266711591,1.3514637062651345,-0.9496777507622898,0.8494963255426136,5.135770508478146,171.02688941040037
2012-07-01,2012,7,gulf_mexico_harvey,26.82893374632341,22.500999895835573,1001.3738300747307,1.792421569869173,-0.6545984273963832,0.8886254408577838,4.327933850487826,138.0317635284367
2012-08-01,2012,8,gulf_mexico_harvey,27.0093683189836,22.517464424421373,999.3186696887849,1.350942937880759,-0.7587190421203449,0.6920548894483133,4.491903894562314,184.580158786525
2012-09-01,2012,9,gulf_mexico_harvey,25.691187035413684,21.052488946000224,1000.7532572307126,1.0421232809936427,-0.8753007416475677,0.16921952321196623,4.638698089413495,118.19174883111313
2012-10-01,2012,10,gulf_mexico_harvey,22.695845337987677,17.215390124495276,1000.1008570521761,1.117855668017502,-0.5799966388893525,-0.5239963819708916,5.480455213492533,63.35171985942638
2012-11-01,2012,11,gulf_mexico_harvey,18.9268651763959,12.387614430994292,1005.2132542996629,1.3750433479404374,-0.6848001281614384,-0.7763852963500243,6.539250745401538,27.19316239165965
2012-12-01,2012,12,gulf_mexico_harvey,18.191694290494492,12.8104507282062,1002.7751155112368,0.9208285081264337,-0.6023528887403022,0.10152762959008466,5.381243562288374,56.02536105782553
2013-01-01,2013,1,gulf_mexico_harvey,17.507437617850783,12.849894235689892,1005.5064214467999,1.003493390413133,-0.8498887386839366,-0.12849532146154,4.657543382160885,79.80056860142332
2013-02-01,2013,2,gulf_mexico_harvey,18.231068556832522,12.239869652386053,1001.8638140687152,0.884302760225886,-0.6466404924550254,0.09190916928831518,5.991198904446409,83.81341080989866
2013-03-01,2013,3,gulf_mexico_harvey,17.91310449408374,9.988202827885392,1003.1227056233353,1.1054541990443203,-0.39720910682582095,-0.0473555484862798,7.924901666198352,38.33437858390314
2013-04-01,2013,4,gulf_mexico_harvey,22.387024496016902,16.39458613113167,1000.3727843187681,1.7246395524627092,-1.4647835285940798,0.6644309538350703,5.992438364885202,88.86458711019385
2013-05-01,2013,5,gulf_mexico_harvey,24.268974005920917,18.029687558422804,1000.7634458474469,1.6145422386732058,-1.1282103057228818,0.7089904141443849,6.239286447498178,96.4764324922743
2013-06-01,2013,6,gulf_mexico_harvey,26.64067684009958,21.97353911780696,999.7451001746747,1.614129616549855,-0.7500649989322219,0.9737961871896665,4.667137722292603,154.29663149103555
2013-07-01,2013,7,gulf_mexico_harvey,26.469911798424953,21.938921085359297,1001.3621412715844,1.46520233746935,-1.0329452846505132,0.6713221305823155,4.530990713065668,149.4739310198405
2013-08-01,2013,8,gulf_mexico_harvey,26.970383634546497,22.200701882123468,1000.8717624061965,1.2906088045702508,-1.0392227940164844,0.3767387534216747,4.769681752423019,137.02215924180794
2013-09-01,2013,9,gulf_mexico_harvey,25.84792778959335,21.810139628430075,998.4517086088828,1.283591635945785,-1.1821125825699157,0.11478351171625038,4.037788161163158,184.34261314723926
2013-10-01,2013,10,gulf_mexico_harvey,23.14478549417773,18.640541644119455,1000.9946088205378,1.2707930015300692,-1.036191591935928,-0.2206544136296021,4.504243850058235,106.75969673292278
2013-11-01,2013,11,gulf_mexico_harvey,18.759867433170385,14.047753547331594,1004.3177570812425,1.7662384461733425,-1.1752394660177954,-1.1683870775389973,4.712113885838817,95.77774787835064
2013-12-01,2013,12,gulf_mexico_harvey,17.063269382932752,12.965277336471182,1004.886573360034,0.9705103021916035,-0.6726442144673914,-0.3941769259778485,4.0979920464615684,64.82440158296282
2014-01-01,2014,1,gulf_mexico_harvey,13.98929602558745,8.392402808198531,1005.6925760858913,0.8617369739782373,-0.14032313023971174,-0.5729697346622689,5.5968932173889065,64.6323226754799
2014-02-01,2014,2,gulf_mexico_harvey,17.25311183233727,12.69671550031874,1002.3500194991254,0.8052884364533345,-0.5925207654795805,-0.011247859856145834,4.556396332018488,65.69578098800908
2014-03-01,2014,3,gulf_mexico_harvey,18.81339711566415,13.262333295685695,1001.6066312421576,0.8744071450948824,-0.6331423788275535,0.013348081769191337,5.55106381997839,85.68843998870473
2014-04-01,2014,4,gulf_mexico_harvey,22.440710540036974,16.002270314037368,1000.0105821718855,1.3103596918326486,-0.8909909015037093,0.6359546347279306,6.438440225999648,71.23194009145001
2014-05-01,2014,5,gulf_mexico_harvey,24.156046181324882,18.310317131063115,1001.3847762665197,1.8439904355635384,-1.1528002201877883,0.8212558585792528,5.845729050261698,128.47953154304557
2014-06-01,2014,6,gulf_mexico_harvey,26.378093334805694,21.854970602807402,1000.137284381588,1.9664587224089294,-0.9646351949074908,1.1422978823800958,4.523122731998357,125.5408066404153
2014-07-01,2014,7,gulf_mexico_harvey,27.265459432170854,21.83258593123874,1001.7593991338654,1.4773216919369025,-0.5324455741749151,0.594998810055719,5.432873500932191,104.57636655417241
2014-08-01,2014,8,gulf_mexico_harvey,27.693139256303557,22.198501745632136,1000.2420349854135,1.2119461720186326,-0.6690135298356639,0.48147598085174464,5.494637510671453,99.77735894590691
2014-09-01,2014,9,gulf_mexico_harvey,25.672306688265337,21.83114713525855,1000.2269950053587,1.296377169764663,-1.2287037675663437,0.026109706566831144,3.8411595530067295,165.98716981218726
2014-10-01,2014,10,gulf_mexico_harvey,23.18813467148459,18.030684675464872,1000.2742863432169,0.9877099614237066,-0.6194667787443984,-0.03236374210224155,5.157449996019636,93.86047798333753
2014-11-01,2014,11,gulf_mexico_harvey,17.50328328665479,11.5864539282632,1004.697270621857,1.1022216764133819,-0.5434506913968159,-0.7128060403891973,5.916829358391565,76.69103853193882
2014-12-01,2014,12,gulf_mexico_harvey,17.438022537013687,13.195940109726994,1004.6327596217859,1.0327912538024264,-0.76439192999963,-0.528746238717938,4.242082427286764,61.83413332791656
2015-01-01,2015,1,gulf_mexico_harvey,15.194195687837825,10.345591617194781,1006.7604226033951,1.26904303884114,-0.44163792170447436,-1.0271258245356654,4.848604070643055,69.01538381043704
2015-02-01,2015,2,gulf_mexico_harvey,15.349810208985698,9.790134404422506,1004.624015341893,0.9360283140181164,-0.44814094662122533,-0.586096240695182,5.5596758045631685,50.97247426398443
2015-03-01,2015,3,gulf_mexico_harvey,20.308133766150192,15.329766750162095,1003.9599434443919,0.9354681234623076,-0.7746043793894819,-0.016333081060911372,4.978367015988104,88.3234887756176
2015-04-01,2015,4,gulf_mexico_harvey,23.9693387369712,18.69915803019684,999.4721253910448,1.4039613464149154,-0.8835244740314645,0.7681601329947224,5.27018070677435,106.44240875010706
2015-05-01,2015,5,gulf_mexico_harvey,25.29632046583968,19.566156385531503,1001.8299968678053,2.2128509942514225,-1.7572300815532313,0.7649868954953436,5.730164080308146,97.76838658442423
2015-06-01,2015,6,gulf_mexico_harvey,26.53104153422257,21.891833469963647,1000.8478985436673,1.6625803488690236,-0.8690519140557685,0.8316549435543216,4.63920806425884,130.58395393941194
2015-07-01,2015,7,gulf_mexico_harvey,27.89570541832585,22.296008077027295,1001.0407840988182,2.009146654840525,-0.4340991152430488,1.0678828011240624,5.5996973412986515,80.49780488898463
2015-08-01,2015,8,gulf_mexico_harvey,27.821018564065856,21.98119955533977,999.8076967603405,1.209167267765938,-0.7245878271248798,0.5118645207267252,5.839819008726109,105.41386618614703
2015-09-01,2015,9,gulf_mexico_harvey,26.18086504955859,21.383955537165818,999.0966007001992,1.0473037142649222,-0.9103817565993062,0.026321545846234386,4.7969095123928875,132.79836260465612
2015-10-01,2015,10,gulf_mexico_harvey,23.738738512863637,18.23535320985379,999.6900605174288,1.1042338014863577,-0.8995553982735764,-0.4592986795362251,5.503385303009899,138.90658341937154
2015-11-01,2015,11,gulf_mexico_harvey,21.213992776973555,17.230223035939737,1002.4809215902162,1.6279201985341063,-1.466546062361553,-0.4159960569527949,3.9837697410338198,105.4103873021541
2015-12-01,2015,12,gulf_mexico_harvey,19.775323478325753,15.971881551446328,1002.0574987154229,1.2789526079335756,-0.9845461528954029,0.2934221508316933,3.8034419268792794,87.02095192390725
2016-01-01,2016,1,gulf_mexico_harvey,15.297607722862178,10.279971080926254,1003.4885967730271,0.7482513478424734,-0.1450757079796188,-0.5688128212810442,5.017636641935941,85.00035897708216
2016-02-01,2016,2,gulf_mexico_harvey,16.82100056908858,10.637203584486105,1004.8027845604984,1.1051339235511783,-0.18486305636004377,-0.07901598292145849,6.183796984602451,49.72261924522937
2016-03-01,2016,3,gulf_mexico_harvey,21.00370534944532,15.78152604774253,1001.1861737682827,1.4639486165469153,-0.8869615897850267,0.8605188372768042,5.2221793017028775,105.64149129542147
2016-04-01,2016,4,gulf_mexico_harvey,22.86970631516476,16.692679227316614,1000.4967189318185,1.4750340792298933,-1.2390786990263183,0.43915230103611214,6.1770270878481535,90.14834028996562
2016-05-01,2016,5,gulf_mexico_harvey,25.30876970325035,18.992100421679336,1000.0443916167416,1.3707566874490285,-0.9872386598498402,0.4685094238838009,6.316669281571037,95.8221058465605
2016-06-01,2016,6,gulf_mexico_harvey,26.740208599106744,22.30547078175867,1000.4458546527029,1.2058674952852395,-0.6921285712353159,0.6184854408853416,4.434737817348108,166.06677305914118
2016-07-01,2016,7,gulf_mexico_harvey,28.05795427519312,22.815082157611524,1001.9710263557465,2.0425464011926913,-0.8499010609783042,1.1393771271041402,5.242872117581706,97.65079594794031
2016-08-01,2016,8,gulf_mexico_harvey,27.25463641879684,23.296205669058164,1000.3179531088333,1.4195817010594913,-1.0637803300001396,0.5596092463516227,3.9584307497385938,210.71516474326216
2016-09-01,2016,9,gulf_mexico_harvey,26.332178717981616,22.390007923252615,1000.7094698761458,1.045120794949781,-0.9775867327844693,0.07577668408649192,3.9421707947289146,136.80366660037555
2016-10-01,2016,10,gulf_mexico_harvey,24.096782759913825,18.17863107026416,1001.4985662538614,1.6954103855018798,-1.1694377080321539,-0.696751261841095,5.9181516896496795,58.216656857078135
2016-11-01,2016,11,gulf_mexico_harvey,20.798652077487564,14.606951784989453,1003.5279524350489,1.27037509730214,-0.970063451395039,-0.567556551663117,6.191700292498075,48.898055220163926
2016-12-01,2016,12,gulf_mexico_harvey,18.983084835361463,14.17984833833966,1004.9195808402823,1.1488431104248638,-0.9658394925969862,-0.34832178696879756,4.803236497021779,73.15043351144226
2017-01-01,2017,1,gulf_mexico_harvey,18.186240688378458,12.46102254870704,1003.6190440641356,0.9227651061484544,-0.24913613867684764,0.28412529854176,5.725218139671447,65.4399924555468
2017-02-01,2017,2,gulf_mexico_harvey,20.199935468263554,14.310183280865504,1001.8243459236717,1.1138830409949214,-0.5844283164200478,0.5053720396340198,5.889752187397977,42.409392211509996
2017-03-01,2017,3,gulf_mexico_harvey,20.900111565150432,14.124665624925447,1004.7322557495274,1.6173979187496148,-1.1685149576223812,0.3330294532158877,6.775445940224951,56.922135340642846
2017-04-01,2017,4,gulf_mexico_harvey,23.605445943802984,16.498116094131454,999.9122112080937,1.784507376515677,-1.1410875793645,0.9517581627334423,7.107329849671527,63.01281848743438
2017-05-01,2017,5,gulf_mexico_harvey,25.321552077339273,18.72648824140124,998.7465607986392,1.6327340534318022,-0.698593491138324,0.9622683759667693,6.59506383593791,113.69863324208278
2017-06-01,2017,6,gulf_mexico_harvey,26.106545258397574,22.35054338215154,998.7205792143563,1.4864072678572382,-1.082578181242906,0.8948605561960977,3.756001876246076,216.9305619394759
2017-07-01,2017,7,gulf_mexico_harvey,27.320889518365014,22.888144332988826,1001.838357501934,1.6036097894622146,-0.6422102036542534,0.785557328192462,4.432745185376193,132.90379728815105
2017-08-01,2017,8,gulf_mexico_harvey,27.199843731104952,23.03829473599091,999.7358257124621,1.2093134622760553,-0.8459773500034948,0.5829387229071011,4.161548995114023,233.4022662333197
2017-09-01,2017,9,gulf_mexico_harvey,25.714182070947924,21.580838873654933,998.6431068336519,1.044513967246023,-0.8823307986190625,-0.15314901596574693,4.133343197292977,171.10378605326974
2017-10-01,2017,10,gulf_mexico_harvey,23.087339922094788,18.1508970710272,1000.7693167860575,1.335340751035641,-1.0922797443173962,-0.5659898397146536,4.9364428510676275,120.3217416494244
2017-11-01,2017,11,gulf_mexico_harvey,20.21340010832085,15.497893833252007,1002.7427128249391,1.313452261356361,-0.7409451369379085,-0.6206865805949153,4.715506275068878,33.638464670025336
2017-12-01,2017,12,gulf_mexico_harvey,16.776658830173957,12.211295912844351,1005.4964217628964,0.9639002735586361,-0.40954795636780306,-0.6109998980055865,4.565362917329665,58.478094111645305
2018-01-01,2018,1,gulf_mexico_harvey,13.82684769593746,8.176282014468704,1008.0342282327588,1.493167969548142,-0.748183264279527,-1.1902210900633512,5.650565681468775,72.36645514208094
2018-02-01,2018,2,gulf_mexico_harvey,19.97731188311576,15.898972268522984,1005.6096158843135,1.71098037210018,-1.3952985357518286,0.5815187209409037,4.0783396145928155,65.01767084562935
2018-03-01,2018,3,gulf_mexico_harvey,20.216459174843713,13.273566572186734,1001.9293512155958,1.2811516201917286,-0.6157249336089943,0.27068187039588687,6.942892602656941,53.404516548862624
2018-04-01,2018,4,gulf_mexico_harvey,21.876881551246317,15.48530829675868,1001.2950423215945,1.007788340494907,-0.6845378335567534,0.2830932274002464,6.391573254487634,80.39158585841231
2018-05-01,2018,5,gulf_mexico_harvey,25.523232123164302,19.83603317437241,999.8638537651344,1.7590852414637492,-1.1236874754708452,0.8289342577118826,5.687198948791925,124.2471154695418
2018-06-01,2018,6,gulf_mexico_harvey,26.890846043245546,22.47627160978242,999.9603770845204,2.0048784253283576,-0.6420765136913227,1.2566910295638558,4.4145744334631445,150.8485711110977
2018-07-01,2018,7,gulf_mexico_harvey,27.461506638984254,22.535803776928738,1001.433477951584,1.4812486341668991,-0.5323629051922281,0.669772420936566,4.925702862055522,133.44550669959634
2018-08-01,2018,8,gulf_mexico_harvey,27.14779436133823,22.587584352179636,1001.8785220701182,1.7173132544510685,-1.0684707197233363,0.8437814255595928,4.56021000915859,132.56472929687524
2018-09-01,2018,9,gulf_mexico_harvey,26.221493048783742,22.893814197282847,999.6707850035508,1.3178462703821054,-1.1905321647747564,0.24849545749897045,3.327678851500869,175.12735386499557
2018-10-01,2018,10,gulf_mexico_harvey,23.70235631761447,19.591779620819462,1000.6615194321214,1.2623512866752882,-1.1501638493547046,-0.2918589799321317,4.110576696795013,115.19522950057177
2018-11-01,2018,11,gulf_mexico_harvey,18.937475332685146,14.509206138682497,1002.6944060725478,0.8199348206675657,-0.4471970801984106,-0.4546678315539963,4.428269194002691,86.36049562693665
2018-12-01,2018,12,gulf_mexico_harvey,17.289612687919057,12.66908403058684,1003.3561320331179,0.6716532413703648,-0.3592711286136185,-0.14364147898067128,4.62052865733219,124.61206490870636
2019-01-01,2019,1,gulf_mexico_harvey,15.933944416149474,10.795623009503165,1005.1044839481566,0.8234560720060472,-0.4082631802282843,-0.4635462709053521,5.138321406646345,69.61909145960513
2019-02-01,2019,2,gulf_mexico_harvey,19.4651421025754,14.797085199364462,1002.8349889711867,1.2590509957930447,-1.128709625317317,0.24736041589959545,4.668056903210967,51.20062488373976
2019-03-01,2019,3,gulf_mexico_harvey,19.636754587040652,13.282277781742087,1004.1855667969852,1.1668896617728561,-0.9588265684354657,-0.2434561629023463,6.35447680529847,40.9901403913385
2019-04-01,2019,4,gulf_mexico_harvey,22.614599342803864,16.093861383771234,1000.2401473310842,1.4439705045639142,-0.8818436970819987,0.8336516678250239,6.520737959032638,80.20941984985642
2019-05-01,2019,5,gulf_mexico_harvey,26.301203701649285,20.357350646601382,998.6071212446748,2.145552556408677,-1.471078381155993,1.213952610713979,5.94385305504796,93.48295394061242
2019-06-01,2019,6,gulf_mexico_harvey,27.360213392087253,22.356859140998516,999.8197687334557,1.6254812926180053,-0.6534579954110452,0.9859119055510518,5.003354251088785,143.98077506647596
2019-07-01,2019,7,gulf_mexico_harvey,27.5813229985508,22.450740840316033,1001.0626143993259,1.4201302719480156,-0.8102685915415575,0.7411165102651646,5.130582158234734,126.93141705593065
2019-08-01,2019,8,gulf_mexico_harvey,27.985822973917884,23.15731204471903,999.6467281790663,1.4659287140046589,-0.6180531482511574,0.8611964744653781,4.828510929198818,136.7583159740859
2019-09-01,2019,9,gulf_mexico_harvey,27.425215109943977,21.879391092435696,999.9477102774495,1.4715802072789508,-1.141306312956459,0.04017045773475098,5.545824017508234,87.66728373079162
2019-10-01,2019,10,gulf_mexico_harvey,24.163407168058093,19.655248505314944,999.3585441384033,1.1057173504406481,-1.0140208820187413,-0.08163780432444816,4.508158662743055,153.8428221248803
2019-11-01,2019,11,gulf_mexico_harvey,18.81592912513936,14.10637247663835,1003.0725834616402,1.1261660407597098,-0.6293865777501554,-0.6741281506135022,4.709556648500975,52.842289383944
2019-12-01,2019,12,gulf_mexico_harvey,17.94952517887562,13.103561783179924,1002.9787648285335,0.7423644472562513,-0.46871382671522765,-0.42163568395128714,4.8459633956956445,72.45754790641432
2020-01-01,2020,1,gulf_mexico_harvey,17.833656591173806,12.753298869647814,1005.0105818011011,1.0205778359285094,-0.8390643753419371,-0.1204312616727336,5.080357721526087,70.41770148990075
2020-02-01,2020,2,gulf_mexico_harvey,18.213757416091696,12.814891226783185,1003.8913487304736,0.8340344364133845,-0.49768001734250406,0.017327563412257194,5.398866189308471,68.6910002855769
2020-03-01,2020,3,gulf_mexico_harvey,22.4906157352069,16.42906209812234,1003.7006174066587,1.8475699340147618,-1.1231681988751196,0.94063177774568,6.061553637084644,34.56061381100487
2020-04-01,2020,4,gulf_mexico_harvey,24.148850904947757,17.06054514983683,999.2682635104105,1.2392241109447504,-0.6914627942109607,0.5347939983695975,7.088305755110982,73.80507386939514
2020-05-01,2020,5,gulf_mexico_harvey,25.204114152301592,19.141017708870375,999.9149898140992,1.381717658769713,-1.0231268763227457,0.6115141451744622,6.063096443431124,123.86770921818022
2020-06-01,2020,6,gulf_mexico_harvey,26.4359010094976,21.894870275004035,1000.4351063432732,1.4723252357593584,-1.0468597174180574,0.7226120271679217,4.541030734493501,184.7352720326942
2020-07-01,2020,7,gulf_mexico_harvey,27.578941982435786,23.128162178779565,1000.2476673917718,1.5829305881694649,-0.8139419712017473,0.8835968494884271,4.450779803656334,135.53285611155184
2020-08-01,2020,8,gulf_mexico_harvey,27.679161391772436,22.912343387794387,999.5295649623713,1.2309929747079775,-0.5966564087221522,0.6156421819466285,4.76681800397796,136.4083017789698
2020-09-01,2020,9,gulf_mexico_harvey,25.802152530318047,21.831771181363553,999.3227291007106,1.1257668818719073,-0.9342285917920714,-0.3208087552969021,3.9703813489544393,201.3241481317878
2020-10-01,2020,10,gulf_mexico_harvey,23.47028666415561,19.361552560297106,1000.2211186692706,1.190909395874564,-0.8679436169168823,-0.38852011189458,4.108734103858414,123.01229550885893
2020-11-01,2020,11,gulf_mexico_harvey,21.050731683102516,16.3462792054209,1003.7373798170969,1.760701391467523,-1.3304193925480794,-0.8134011457370277,4.7044524776816425,83.49798245021401
2020-12-01,2020,12,gulf_mexico_harvey,16.149860073743792,11.234048093807665,1004.4291269107591,0.7834664496504523,-0.3620459970382984,-0.27687919423975976,4.915811979936128,66.89514437335013
2021-01-01,2021,1,gulf_mexico_harvey,16.254385922950423,11.514568427465154,1003.9398668774659,0.8711094958793261,-0.16887076950967048,-0.2022747111651652,4.73981749548531,63.28101028726632
2021-02-01,2021,2,gulf_mexico_harvey,16.62543485555221,11.836402254241925,1002.9331957400428,0.9424407125866598,-0.5829347299757816,-0.07548399671263831,4.789032601310206,70.14542518739206
2021-03-01,2021,3,gulf_mexico_harvey,20.60152936457701,14.552648935563933,1003.2302258297105,1.3430013797555749,-1.1644206026174893,0.3480143783802814,6.048880429013186,54.07717967697574
2021-04-01,2021,4,gulf_mexico_harvey,22.46266074309025,15.812901705781895,1000.2546450163684,1.3253361369490522,-1.1013820178158462,0.4424866911521019,6.6497590373084074,89.32565711650032
2021-05-01,2021,5,gulf_mexico_harvey,24.9968894448908,19.163039435310893,1001.492978107131,1.8455906215745226,-1.5894007375335462,0.6938754208027962,5.8338500095798835,136.44955626944437
2021-06-01,2021,6,gulf_mexico_harvey,26.311475804558725,22.387727260081654,1000.2239361466686,1.702175191919548,-1.069524030052627,1.0977764428626875,3.923748544477112,192.44389015211797
2021-07-01,2021,7,gulf_mexico_harvey,26.676218592388672,23.062890043765456,1001.8195876621554,1.4534698905542545,-0.7802897970538673,0.6936283932305517,3.6133285486233433,181.66133261924233
2021-08-01,2021,8,gulf_mexico_harvey,27.117077900014362,23.120207917193824,1000.6922602829686,1.4244867040802467,-0.9720422793184279,0.665730455845867,3.9968699828205563,164.86176555206492
2021-09-01,2021,9,gulf_mexico_harvey,25.771100064535617,21.491562270510233,999.9747504470485,0.9671854745840991,-0.8751471572687207,0.22903550081020585,4.279537794025421,153.72029592326902
2021-10-01,2021,10,gulf_mexico_harvey,24.059157027787197,19.08969908423645,999.8769644042676,0.8307338496085926,-0.5932498974845233,0.06171499382135948,4.969457943550669,81.8516156913914
2021-11-01,2021,11,gulf_mexico_harvey,18.924529720325264,13.633770919630665,1004.8336930841664,1.2849608521348361,-0.6531775356916301,-0.845034853688108,5.290758800694578,56.76419720021317
2021-12-01,2021,12,gulf_mexico_harvey,20.330504838308425,16.14904281757683,1002.8593317667022,1.3474166630757043,-0.6101984016926904,0.641473613240273,4.181462020731528,38.17810472980445
2022-01-01,2022,1,gulf_mexico_harvey,15.664874153136193,9.85858459096816,1004.9256370384795,0.8989055829994419,-0.16883331369164195,-0.6597854216354376,5.806289562168077,61.16330184385369
2022-02-01,2022,2,gulf_mexico_harvey,16.834614573146904,11.452552349328982,1005.9755254220036,1.0291647739863647,-0.7882760277810668,-0.4139397746127926,5.382062223817848,48.66737259422052
2022-03-01,2022,3,gulf_mexico_harvey,20.16689888549445,13.331477790085936,1002.386386504289,1.2000724149358581,-0.7021706264978637,0.5041804622915339,6.835421095408427,75.73467805020168
2022-04-01,2022,4,gulf_mexico_harvey,23.345396966775052,16.42655119362049,1000.5204676200759,1.834356346015076,-1.364676523586214,0.8219741479963149,6.918845773154481,60.278091061257726
2022-05-01,2022,5,gulf_mexico_harvey,26.260559820531604,19.951920923251343,998.9892822763678,2.0009362885709483,-1.0301958481281488,1.3249926824449854,6.308638897280285,90.09708244862887
2022-06-01,2022,6,gulf_mexico_harvey,27.34330760586353,21.798059662384446,999.641596159818,1.3513794141210533,-0.7673545162298424,0.6688232873293926,5.545247943478998,123.413032161483
2022-07-01,2022,7,gulf_mexico_harvey,27.839752753210647,22.69028708833311,1001.5169113859429,2.0819050848801965,-0.8454287182793767,1.2247710348345981,5.149465664877548,117.82304413034878
2022-08-01,2022,8,gulf_mexico_harvey,27.07311321695644,22.961672395622347,1000.6051947535451,1.4990051276680936,-0.9932771024455481,0.7511761163137266,4.111440821334188,173.97776521402565
2022-09-01,2022,9,gulf_mexico_harvey,25.753284494964387,20.999551570072125,999.4515385907482,1.0178505148371413,-0.7650600064259901,-0.3468083614095308,4.753732924892216,162.35503295083666
2022-10-01,2022,10,gulf_mexico_harvey,22.78898472242179,16.141727673718993,1001.3205472088301,1.0680308345426628,-0.6996210590718475,-0.46306550493674753,6.647257048702859,64.34449110559605
2022-11-01,2022,11,gulf_mexico_harvey,20.173529343896263,15.729359373408105,1002.8632224857013,1.282074267535128,-0.9290880708476998,-0.6965716664951109,4.444169970488226,101.20839932031578
2022-12-01,2022,12,gulf_mexico_harvey,17.541377827545315,12.793737315362279,1004.8929220899373,1.0240564563703436,-0.7467662812515186,-0.37783717093362595,4.747640512183059,69.35654432341214
2023-01-01,2023,1,gulf_mexico_harvey,18.068895564719234,12.95996045634166,1003.9517177370444,0.9847112895627388,-0.4641853054053821,0.22213765150110193,5.1089351083776435,66.94602420296185
2023-02-01,2023,2,gulf_mexico_harvey,19.279616794786367,13.986223747611616,1004.2907179929335,1.2261973927173284,-0.5231267020005306,0.43584537262659406,5.293393047174741,40.80537574284778
2023-03-01,2023,3,gulf_mexico_harvey,21.51858884487791,15.025038999321335,1001.4317240899362,1.2784112228768454,-0.829559753585932,0.6078165234206525,6.493549845556506,52.11306660074526
2023-04-01,2023,4,gulf_mexico_harvey,23.07379909595165,16.676661730990233,999.7975615013817,1.174254230883916,-1.0653723839870477,0.3041307557081358,6.3971373649614565,91.3961461525606
2023-05-01,2023,5,gulf_mexico_harvey,25.389599859354174,19.247358052713075,999.2913050373627,1.152529797748846,-0.9094587280239617,0.21893227141258928,6.142241806641154,87.5587792824735
2023-06-01,2023,6,gulf_mexico_harvey,27.888735983572275,21.974595371728835,997.0445751773628,1.6988488943423148,-0.20678972602226614,1.072529723605733,5.914140611843392,95.32109801091322
2023-07-01,2023,7,gulf_mexico_harvey,28.65406515603406,22.94830372679871,1000.9536109575018,1.929402968386451,-0.393185960316415,0.9282016602386748,5.7057614292353795,112.29117279660652
2023-08-01,2023,8,gulf_mexico_harvey,29.326155326022374,22.66694600848711,999.0724575503662,1.25195058910619,-0.5060331366759057,0.6022996956749738,6.659209317535302,98.62514513464822
2023-09-01,2023,9,gulf_mexico_harvey,27.311818252848745,21.569687958041577,999.4704009237093,1.1310428851566712,-0.92502893125307,0.1423276043402082,5.742130294806998,97.5734829241223
2023-10-01,2023,10,gulf_mexico_harvey,23.712893326695184,17.840521981079743,999.7842346973804,1.1586451688746287,-0.8754444578516574,-0.4334278022928983,5.8723713456154885,80.0998816362452
2023-11-01,2023,11,gulf_mexico_harvey,19.771057290488386,14.835299678612024,1002.9105071036232,1.3866980881141306,-0.8304433622771881,-0.9898547078233364,4.935757611876364,88.30646742637109
2023-12-01,2023,12,gulf_mexico_harvey,17.455402165547266,12.538997898228804,1004.389995064875,0.9558601538496178,-0.6227573171773988,-0.5816629614737407,4.916404267318504,95.59543046508593
2024-01-01,2024,1,gulf_mexico_harvey,16.013611577372906,11.155040218797762,1003.7889094717774,0.7793535406690416,-0.5042049261515993,-0.2467848476840768,4.858571358575126,111.23990727218904
2024-02-01,2024,2,gulf_mexico_harvey,17.855906498113004,12.065818000197558,1001.8760507175801,0.7254937766153867,-0.1978449346817258,0.1509503754267174,5.790088497915418,51.643786275357826
2024-03-01,2024,3,gulf_mexico_harvey,21.32053532140779,15.655078942572638,1000.1243080969082,1.1038589191834431,-0.8976113981429881,0.4236290325759172,5.665456378835151,91.6318851465579
2024-04-01,2024,4,gulf_mexico_harvey,23.4335655303965,16.567847243023163,1000.6103110603972,1.7621294669298808,-1.060301081710848,0.9330052236172841,6.865718287373326,54.76187726665699
2024-05-01,2024,5,gulf_mexico_harvey,27.42486774444508,21.080054395958065,996.9373828011072,1.9465184228414538,-1.1553350232787662,1.2544148710054843,6.344813348487034,84.46758341450024
2024-06-01,2024,6,gulf_mexico_harvey,27.64561963804335,22.61028767317472,998.0435237288219,1.5521690952532412,-1.209586388154188,0.7859331567198554,5.035331964868668,181.92022811276775
2024-07-01,2024,7,gulf_mexico_harvey,27.414934968937175,23.647678701806342,1001.3543323487079,1.4757174335223828,-0.7602875702429217,0.6562627542072814,3.7672562671308354,185.83383050190585
2024-08-01,2024,8,gulf_mexico_harvey,27.917737563021294,23.169779667220578,1000.7332610621679,0.998121523523114,-0.7059925543429307,0.27079346654140785,4.747957895800688,128.98877381959755
2024-09-01,2024,9,gulf_mexico_harvey,26.399968814303293,22.36330652790252,997.2936307213765,1.0123181824230483,-0.8477443621593779,-0.08453431902203767,4.036662286400797,191.01756400862052
2024-10-01,2024,10,gulf_mexico_harvey,23.850993636994083,18.383212909988107,1002.233933504545,1.6167680859861522,-1.1713241646301449,-0.6553957395586849,5.467780727005998,112.17451141757729
2024-11-01,2024,11,gulf_mexico_harvey,21.65988436549863,16.771069903848975,1000.7195356936593,1.1627953930835717,-1.0194590410739144,-0.2656964221744497,4.888814461649694,67.2713509091061
2024-12-01,2024,12,gulf_mexico_harvey,17.909658487288524,13.219931345069973,1005.8183138541632,1.2939850538868571,-0.9770856958169116,-0.529519050863739,4.689727142218495,65.6657261455654
2025-01-01,2025,1,gulf_mexico_harvey,14.518693209794602,9.102211891290239,1006.6230533159693,1.3100908043984398,-0.5225491010006605,-0.919588961519994,5.416481318504333,62.43438115636639
2025-02-01,2025,2,gulf_mexico_harvey,18.66282712982119,13.928844048375366,1004.2012115097745,0.9484064718431474,-0.7791063914076867,-0.09887816620971927,4.733983081445755,63.18446715301153
2025-03-01,2025,3,gulf_mexico_harvey,20.918190074136852,13.862971203820804,1000.7313720639071,1.3369307844932845,-0.44469093472462456,0.7209671875754774,7.055218870315996,63.13193508909498
2025-04-01,2025,4,gulf_mexico_harvey,23.663226353455368,16.60253338068259,1001.8305324684225,2.053092557660877,-1.2402400499002928,1.0575329570977825,7.060692972772759,37.75688793755785
2025-05-01,2025,5,gulf_mexico_harvey,26.352664831748267,20.2403653403953,999.032417759343,1.7922653183681418,-0.7944830061307913,1.0989284162659505,6.112299491352991,113.81544524160739
2025-06-01,2025,6,gulf_mexico_harvey,27.11973696561071,22.53172806566881,1001.2900221337359,2.078690466330534,-1.078080840614448,1.2887240011010646,4.5880088999417685,169.69387543736417
2025-07-01,2025,7,gulf_mexico_harvey,27.782145532477934,22.86140110913402,1002.1333535048644,1.7575197998699055,-0.5881599675287129,0.8775856251179325,4.920744423344029,117.30957438051473
2025-08-01,2025,8,gulf_mexico_harvey,27.674575808597957,22.895242836844467,1000.8942350097009,1.000741936589178,-0.7122781299822446,0.28582006933645465,4.779332971753471,137.92957060315896
2025-09-01,2025,9,gulf_mexico_harvey,26.526665464303772,21.229114334639302,999.8015614808205,1.009125837054363,-0.7904860167229678,-0.20519886717035107,5.2975511296645506,114.99980354342871
2025-10-01,2025,10,gulf_mexico_harvey,24.04131038605132,18.387984926762826,999.8946459429641,1.3224606905384033,-0.9785568177198167,-0.6307055860597194,5.653325459288507,100.12026005632046
2025-11-01,2025,11,gulf_mexico_harvey,20.630796982558827,14.88407289549411,1003.8960536246316,1.216271997647297,-0.6357761402944611,-0.16650041681209177,5.7467240870646465,36.17170764605447
2025-12-01,2025,12,gulf_mexico_harvey,18.154242710811836,13.667811049694935,1004.0541887920765,0.9208250983007077,-0.5498881693639924,-0.47463103582931904,4.48643166111692,63.022101706705925
