date,year,month,basin,image_count,sst,anom,clim_sst,sst_anomaly_custom
1982-01-01,1982.0,1.0,eastern_pacific_otis,31,26.258742417339974,-0.00915932718476747,26.209968646296918,0.0487737710430558
1982-02-01,1982.0,2.0,eastern_pacific_otis,28,26.232077262592544,0.13539942007823247,26.079964696543815,0.15211256604872858
1982-03-01,1982.0,3.0,eastern_pacific_otis,31,26.46499237485299,0.13516739991447463,26.3673470620231,0.09764531282988997
1982-04-01,1982.0,4.0,eastern_pacific_otis,30,27.115220799352848,0.28714193623773715,26.937158944390713,0.17806185496213445
1982-05-01,1982.0,5.0,eastern_pacific_otis,31,27.530352288800483,0.12791202519491138,27.535350775501094,-0.004998486700610982
1982-06-01,1982.0,6.0,eastern_pacific_otis,30,27.407347033799,-0.2916596897719207,27.676817790548057,-0.2694707567490582
1982-07-01,1982.0,7.0,eastern_pacific_otis,31,27.80896461857123,-0.17243216922034893,28.050031351324204,-0.24106673275297297
1982-08-01,1982.0,8.0,eastern_pacific_otis,31,28.5466727523183,0.3209509441051698,28.328567274558093,0.21810547776020783
1982-09-01,1982.0,9.0,eastern_pacific_otis,30,28.321229942019755,0.15981275330973335,28.160403080920343,0.16082686109941235
1982-10-01,1982.0,10.0,eastern_pacific_otis,31,27.72378510600381,-0.1503100187287035,27.89035968430876,-0.16657457830494948
1982-11-01,1982.0,11.0,eastern_pacific_otis,30,27.53801705548386,0.04015595792613737,27.57301438992966,-0.03499733444580144
1982-12-01,1982.0,12.0,eastern_pacific_otis,31,26.98318333314162,0.14155395451614458,26.87010418485478,0.11307914828683963
1983-01-01,1983.0,1.0,eastern_pacific_otis,31,26.425362204580587,0.1574825171955207,26.209968646296918,0.2153935582836688
1983-02-01,1983.0,2.0,eastern_pacific_otis,28,26.09476928953352,-0.0018949003698734883,26.079964696543815,0.014804592989705156
1983-03-01,1983.0,3.0,eastern_pacific_otis,31,26.271708010232338,-0.05810465492746898,26.3673470620231,-0.09563905179076215
1983-04-01,1983.0,4.0,eastern_pacific_otis,30,26.51565385610539,-0.31242799726870507,26.937158944390713,-0.42150508828532196
1983-05-01,1983.0,5.0,eastern_pacific_otis,31,27.34683287462099,-0.05559781604629376,27.535350775501094,-0.1885179008801039
1983-06-01,1983.0,6.0,eastern_pacific_otis,30,27.733379902735336,0.034383650258816685,27.676817790548057,0.05656211218727947
1983-07-01,1983.0,7.0,eastern_pacific_otis,31,28.22816590060099,0.24676709439776962,28.050031351324204,0.17813454927678762
1983-08-01,1983.0,8.0,eastern_pacific_otis,31,28.251385972501954,0.02565582693458356,28.328567274558093,-0.0771813020561396
1983-09-01,1983.0,9.0,eastern_pacific_otis,30,27.81613861009364,-0.34528073130507425,28.160403080920343,-0.34426447082670464
1983-10-01,1983.0,10.0,eastern_pacific_otis,31,28.010114864125928,0.13600227465343237,27.89035968430876,0.11975517981716877
1983-11-01,1983.0,11.0,eastern_pacific_otis,30,27.764939760134244,0.26708675946484806,27.57301438992966,0.1919253702045829
1983-12-01,1983.0,12.0,eastern_pacific_otis,31,27.260640340329637,0.41902186758874677,26.87010418485478,0.3905361554748552
1984-01-01,1984.0,1.0,eastern_pacific_otis,31,26.30633016394392,0.03845767285345714,26.209968646296918,0.09636151764700074
1984-02-01,1984.0,2.0,eastern_pacific_otis,29,26.114866262915157,0.015850732049246734,26.079964696543815,0.03490156637134234
1984-03-01,1984.0,3.0,eastern_pacific_otis,31,26.538387410036194,0.2085795383312339,26.3673470620231,0.17104034801309353
1984-04-01,1984.0,4.0,eastern_pacific_otis,30,26.61864817447814,-0.20943543930480554,26.937158944390713,-0.31851076991257443
1984-05-01,1984.0,5.0,eastern_pacific_otis,31,27.353950081139274,-0.048471673810532745,27.535350775501094,-0.1814006943618196
1984-06-01,1984.0,6.0,eastern_pacific_otis,30,27.405134135533103,-0.29388628827801,27.676817790548057,-0.27168365501495373
1984-07-01,1984.0,7.0,eastern_pacific_otis,31,27.51558163535315,-0.4658162203672437,28.050031351324204,-0.5344497159710535
1984-08-01,1984.0,8.0,eastern_pacific_otis,31,27.994110168950442,-0.23162101725807568,28.328567274558093,-0.3344571056076511
1984-09-01,1984.0,9.0,eastern_pacific_otis,30,27.53861721438084,-0.622778158703433,28.160403080920343,-0.6217858665395042
1984-10-01,1984.0,10.0,eastern_pacific_otis,31,27.617345298822222,-0.25672668927203346,27.89035968430876,-0.2730143854865368
1984-11-01,1984.0,11.0,eastern_pacific_otis,30,27.197240713583753,-0.3006028804927344,27.57301438992966,-0.37577367634590786
1984-12-01,1984.0,12.0,eastern_pacific_otis,31,26.40910652736113,-0.4324884428687673,26.87010418485478,-0.4609976574936532
1985-01-01,1985.0,1.0,eastern_pacific_otis,31,25.732283564045304,-0.5352538235595183,26.209968646296918,-0.47768508225161455
1985-02-01,1985.0,2.0,eastern_pacific_otis,28,25.466393784920076,-0.631788877288822,26.079964696543815,-0.6135709116237393
1985-03-01,1985.0,3.0,eastern_pacific_otis,31,25.951560252501874,-0.3777174637162332,26.3673470620231,-0.4157868095212258
1985-04-01,1985.0,4.0,eastern_pacific_otis,30,26.45297789856725,-0.3751134687747367,26.937158944390713,-0.4841810458234619
1985-05-01,1985.0,5.0,eastern_pacific_otis,31,27.14851783684519,-0.25393121490632986,27.535350775501094,-0.3868329386559033
1985-06-01,1985.0,6.0,eastern_pacific_otis,30,27.39037699774489,-0.3086325085533454,27.676817790548057,-0.28644079280316603
1985-07-01,1985.0,7.0,eastern_pacific_otis,31,27.552326210249653,-0.42909278465427186,28.050031351324204,-0.497705141074551
1985-08-01,1985.0,8.0,eastern_pacific_otis,31,27.714712904738587,-0.5110021682316643,28.328567274558093,-0.6138543698195065
1985-09-01,1985.0,9.0,eastern_pacific_otis,30,27.820113461781855,-0.34127868305895126,28.160403080920343,-0.3402896191384883
1985-10-01,1985.0,10.0,eastern_pacific_otis,31,27.92155551449556,0.047453899017464066,27.89035968430876,0.03119583018679961
1985-11-01,1985.0,11.0,eastern_pacific_otis,30,27.319809244898664,-0.1780557815468824,27.57301438992966,-0.25320514503099645
1985-12-01,1985.0,12.0,eastern_pacific_otis,31,26.599534893646076,-0.24208386965356907,26.87010418485478,-0.2705692912087052
1986-01-01,1986.0,1.0,eastern_pacific_otis,31,25.94867315870749,-0.31921959661587174,26.209968646296918,-0.2612954875894289
1986-02-01,1986.0,2.0,eastern_pacific_otis,28,25.97572256651305,-0.12096890734351322,26.079964696543815,-0.10424213003076588
1986-03-01,1986.0,3.0,eastern_pacific_otis,31,25.906065228314418,-0.42374382418102213,26.3673470620231,-0.46128183370868214
1986-04-01,1986.0,4.0,eastern_pacific_otis,30,26.660090027184488,-0.1679880452806761,26.937158944390713,-0.2770689172062255
1986-05-01,1986.0,5.0,eastern_pacific_otis,31,27.240831926583102,-0.16160684406145936,27.535350775501094,-0.29451884891799196
1986-06-01,1986.0,6.0,eastern_pacific_otis,30,27.215952541596106,-0.4830450305105233,27.676817790548057,-0.4608652489519507
1986-07-01,1986.0,7.0,eastern_pacific_otis,31,27.804112773500425,-0.17730845353190075,28.050031351324204,-0.24591857782377957
1986-08-01,1986.0,8.0,eastern_pacific_otis,31,28.140461179117917,-0.08524757250853454,28.328567274558093,-0.1881060954401761
1986-09-01,1986.0,9.0,eastern_pacific_otis,30,28.011544479085664,-0.14986492493561365,28.160403080920343,-0.1488586018346787
1986-10-01,1986.0,10.0,eastern_pacific_otis,31,27.636364848708595,-0.23772979336036001,27.89035968430876,-0.2539948356001638
1986-11-01,1986.0,11.0,eastern_pacific_otis,30,27.304057052000932,-0.1937875102553296,27.57301438992966,-0.2689573379287289
1986-12-01,1986.0,12.0,eastern_pacific_otis,31,26.90246655884194,0.06085412736474354,26.87010418485478,0.03236237398715858
1987-01-01,1987.0,1.0,eastern_pacific_otis,31,25.982748662103713,-0.28514534495792365,26.209968646296918,-0.227219984193205
1987-02-01,1987.0,2.0,eastern_pacific_otis,28,25.932619802337836,-0.1640702750311806,26.079964696543815,-0.14734489420597896
1987-03-01,1987.0,3.0,eastern_pacific_otis,31,26.059473847281488,-0.2703336969719702,26.3673470620231,-0.3078732147416119
1987-04-01,1987.0,4.0,eastern_pacific_otis,30,26.537194264414595,-0.29088407513453995,26.937158944390713,-0.39996467997611873
1987-05-01,1987.0,5.0,eastern_pacific_otis,31,27.14134550254077,-0.26109754418506326,27.535350775501094,-0.3940052729603245
1987-06-01,1987.0,6.0,eastern_pacific_otis,30,27.51246415715912,-0.1865534694875615,27.676817790548057,-0.16435363338893794
1987-07-01,1987.0,7.0,eastern_pacific_otis,31,27.89501137315801,-0.08640351572118028,28.050031351324204,-0.1550199781661945
1987-08-01,1987.0,8.0,eastern_pacific_otis,31,28.075346362035706,-0.15038312164278916,28.328567274558093,-0.2532209125223872
1987-09-01,1987.0,9.0,eastern_pacific_otis,30,28.558957535436605,0.3975609309233517,28.160403080920343,0.3985544545162618
1987-10-01,1987.0,10.0,eastern_pacific_otis,31,28.358497621293434,0.4844147816715398,27.89035968430876,0.4681379369846752
1987-11-01,1987.0,11.0,eastern_pacific_otis,30,28.014590193773575,0.5167518064831504,27.57301438992966,0.44157580384391437
1987-12-01,1987.0,12.0,eastern_pacific_otis,31,27.390077202608165,0.5484600979599832,26.87010418485478,0.519973017753383
1988-01-01,1988.0,1.0,eastern_pacific_otis,31,26.64421668764502,0.37630193783453564,26.209968646296918,0.434248041348102
1988-02-01,1988.0,2.0,eastern_pacific_otis,29,26.237988886545793,0.13896512333592706,26.079964696543815,0.15802419000197787
1988-03-01,1988.0,3.0,eastern_pacific_otis,31,26.399112454016876,0.06930492286146286,26.3673470620231,0.03176539199377615
1988-04-01,1988.0,4.0,eastern_pacific_otis,30,26.861333586657185,0.03324193418497932,26.937158944390713,-0.07582535773352816
1988-05-01,1988.0,5.0,eastern_pacific_otis,31,27.189174977843038,-0.2132653353168743,27.535350775501094,-0.34617579765805573
1988-06-01,1988.0,6.0,eastern_pacific_otis,30,26.98051020502536,-0.7184888976262698,27.676817790548057,-0.6963075855226961
1988-07-01,1988.0,7.0,eastern_pacific_otis,31,27.39454574724751,-0.586857890613136,28.050031351324204,-0.655485604076695
1988-08-01,1988.0,8.0,eastern_pacific_otis,31,27.2830868462541,-0.9426487398123575,28.328567274558093,-1.0454804283039927
1988-09-01,1988.0,9.0,eastern_pacific_otis,30,26.970230576795725,-1.1911811087192372,28.160403080920343,-1.190172504124618
1988-10-01,1988.0,10.0,eastern_pacific_otis,31,27.190691495472997,-0.6833871765632358,27.89035968430876,-0.6996681888357621
1988-11-01,1988.0,11.0,eastern_pacific_otis,30,27.057807583969694,-0.44004051602267663,27.57301438992966,-0.5152068059599664
1988-12-01,1988.0,12.0,eastern_pacific_otis,31,26.06823687486131,-0.7733747820836891,26.87010418485478,-0.8018673099934723
1989-01-01,1989.0,1.0,eastern_pacific_otis,31,25.723333138754352,-0.5445587265555841,26.209968646296918,-0.4866355075425659
1989-02-01,1989.0,2.0,eastern_pacific_otis,28,25.35543800813619,-0.7412345372483183,26.079964696543815,-0.7245266884076251
1989-03-01,1989.0,3.0,eastern_pacific_otis,31,25.5530384491264,-0.7767775051755359,26.3673470620231,-0.8143086128966992
1989-04-01,1989.0,4.0,eastern_pacific_otis,30,26.45362608229396,-0.37447325606392434,26.937158944390713,-0.4835328620967516
1989-05-01,1989.0,5.0,eastern_pacific_otis,31,27.020971794258163,-0.38147129481805503,27.535350775501094,-0.5143789812429311
1989-06-01,1989.0,6.0,eastern_pacific_otis,30,27.27814996770857,-0.420852776896144,27.676817790548057,-0.39866782283948865
1989-07-01,1989.0,7.0,eastern_pacific_otis,31,27.72229695812525,-0.25909414663461666,28.050031351324204,-0.3277343931989556
1989-08-01,1989.0,8.0,eastern_pacific_otis,31,27.87368636668599,-0.35203447598150284,28.328567274558093,-0.4548809078721021
1989-09-01,1989.0,9.0,eastern_pacific_otis,30,27.57749114212512,-0.5838918356864484,28.160403080920343,-0.582911938795224
1989-10-01,1989.0,10.0,eastern_pacific_otis,31,27.354986203263643,-0.5190929778507151,27.89035968430876,-0.5353734810451165
1989-11-01,1989.0,11.0,eastern_pacific_otis,30,27.40809408938873,-0.08975406496775051,27.57301438992966,-0.1649203005409312
1989-12-01,1989.0,12.0,eastern_pacific_otis,31,26.529482939520765,-0.3121348650005481,26.87010418485478,-0.3406212453340167
1990-01-01,1990.0,1.0,eastern_pacific_otis,31,25.879354493575715,-0.388536700240134,26.209968646296918,-0.3306141527212034
1990-02-01,1990.0,2.0,eastern_pacific_otis,28,25.82773355951372,-0.26895094036442513,26.079964696543815,-0.25223113703009403
1990-03-01,1990.0,3.0,eastern_pacific_otis,31,26.352621130840106,0.022803643409839078,26.3673470620231,-0.014725931182994145
1990-04-01,1990.0,4.0,eastern_pacific_otis,30,27.09547289491394,0.2673669096815952,26.937158944390713,0.15831395052322605
1990-05-01,1990.0,5.0,eastern_pacific_otis,31,27.782527695801573,0.38008992017319565,27.535350775501094,0.247176920300479
1990-06-01,1990.0,6.0,eastern_pacific_otis,30,27.89319819713726,0.194206923162122,27.676817790548057,0.21638040658920232
1990-07-01,1990.0,7.0,eastern_pacific_otis,31,27.865471739541043,-0.11595788771627956,28.050031351324204,-0.18455961178316116
1990-08-01,1990.0,8.0,eastern_pacific_otis,31,28.257547174696338,0.03182238689205172,28.328567274558093,-0.07102009986175517
1990-09-01,1990.0,9.0,eastern_pacific_otis,30,28.016362376696293,-0.1450366548080438,28.160403080920343,-0.14404070422405013
1990-10-01,1990.0,10.0,eastern_pacific_otis,31,27.83867580517139,-0.03541565777920131,27.89035968430876,-0.05168387913736794
1990-11-01,1990.0,11.0,eastern_pacific_otis,30,27.33604524909535,-0.16182148339488203,27.57301438992966,-0.23696914083431153
1990-12-01,1990.0,12.0,eastern_pacific_otis,31,26.95910249992484,0.11748405425331569,26.87010418485478,0.08899831507005729
1991-01-01,1991.0,1.0,eastern_pacific_otis,31,26.581803013327466,0.31389824402334876,26.209968646296918,0.37183436703054795
1991-02-01,1991.0,2.0,eastern_pacific_otis,28,26.20481736732572,0.108134464054779,26.079964696543815,0.12485267078190532
1991-03-01,1991.0,3.0,eastern_pacific_otis,31,26.50989038143036,0.18005366102127782,26.3673470620231,0.14254331940725962
1991-04-01,1991.0,4.0,eastern_pacific_otis,30,27.167370522986257,0.33928869938852724,26.937158944390713,0.23021157859554364
1991-05-01,1991.0,5.0,eastern_pacific_otis,31,27.591857128851682,0.18942026201061338,27.535350775501094,0.05650635335058851
1991-06-01,1991.0,6.0,eastern_pacific_otis,30,27.66336415763282,-0.035645034209996124,27.676817790548057,-0.013453632915236824
1991-07-01,1991.0,7.0,eastern_pacific_otis,31,27.613454302830732,-0.3679498561144953,28.050031351324204,-0.4365770484934721
1991-08-01,1991.0,8.0,eastern_pacific_otis,31,28.047284028044185,-0.1784582258100539,28.328567274558093,-0.2812832465139081
1991-09-01,1991.0,9.0,eastern_pacific_otis,30,28.18494198094725,0.023529612382956148,28.160403080920343,0.02453890002690784
1991-10-01,1991.0,10.0,eastern_pacific_otis,31,27.403031070332112,-0.4710494566082635,27.89035968430876,-0.48732861397664706
1991-11-01,1991.0,11.0,eastern_pacific_otis,30,27.272198934325512,-0.22566310569604223,27.57301438992966,-0.30081545560414824
1991-12-01,1991.0,12.0,eastern_pacific_otis,31,26.630455870690827,-0.21116093663119526,26.87010418485478,-0.23964831416395427
1992-01-01,1992.0,1.0,eastern_pacific_otis,31,25.928260896492187,-0.3396398569455675,26.209968646296918,-0.2817077498047311
1992-02-01,1992.0,2.0,eastern_pacific_otis,29,25.82311536508258,-0.27590093842606733,26.079964696543815,-0.2568493314612361
1992-03-01,1992.0,3.0,eastern_pacific_otis,31,26.57859156300881,0.2487609930139953,26.3673470620231,0.21124450098571046
1992-04-01,1992.0,4.0,eastern_pacific_otis,30,27.067377436268075,0.23929565710916237,26.937158944390713,0.13021849187736123
1992-05-01,1992.0,5.0,eastern_pacific_otis,31,27.758975430586222,0.35653859780030794,27.535350775501094,0.2236246550851284
1992-06-01,1992.0,6.0,eastern_pacific_otis,30,27.837964538047224,0.13897439421654745,27.676817790548057,0.16114674749916702
1992-07-01,1992.0,7.0,eastern_pacific_otis,31,27.68579244563494,-0.29561023082783416,28.050031351324204,-0.36423890568926254
1992-08-01,1992.0,8.0,eastern_pacific_otis,31,28.05679121448252,-0.16895661871036016,28.328567274558093,-0.27177606007557387
1992-09-01,1992.0,9.0,eastern_pacific_otis,30,27.944119776380365,-0.21728760240384803,28.160403080920343,-0.2162833045399779
1992-10-01,1992.0,10.0,eastern_pacific_otis,31,27.78363911934999,-0.09045102768173234,27.89035968430876,-0.10672056495877058
1992-11-01,1992.0,11.0,eastern_pacific_otis,30,27.757044184819485,0.25919795960398384,27.57301438992966,0.18402979488982396
1992-12-01,1992.0,12.0,eastern_pacific_otis,31,27.01163110254894,0.17001526251892823,26.87010418485478,0.14152691769415782
1993-01-01,1993.0,1.0,eastern_pacific_otis,31,26.877329981291485,0.6094359606950687,26.209968646296918,0.6673613349945668
1993-02-01,1993.0,2.0,eastern_pacific_otis,28,26.580253759277625,0.4835733048145024,26.079964696543815,0.5002890627338097
1993-03-01,1993.0,3.0,eastern_pacific_otis,31,26.6986362684473,0.3688057595766987,26.3673470620231,0.33128920642419857
1993-04-01,1993.0,4.0,eastern_pacific_otis,30,27.008681012961425,0.1806034433092617,26.937158944390713,0.07152206857071164
1993-05-01,1993.0,5.0,eastern_pacific_otis,31,27.980190855599755,0.5777486255382951,27.535350775501094,0.44484008009866116
1993-06-01,1993.0,6.0,eastern_pacific_otis,30,27.8918006704624,0.19278292719184348,27.676817790548057,0.2149828799143414
1993-07-01,1993.0,7.0,eastern_pacific_otis,31,27.61883510906331,-0.36259170014549974,28.050031351324204,-0.4311962422608957
1993-08-01,1993.0,8.0,eastern_pacific_otis,31,27.942912676714442,-0.28281686765172714,28.328567274558093,-0.38565459784365075
1993-09-01,1993.0,9.0,eastern_pacific_otis,30,27.521821795820088,-0.6395744662660869,28.160403080920343,-0.6385812851002548
1993-10-01,1993.0,10.0,eastern_pacific_otis,31,27.84794922413296,-0.02613815113013322,27.89035968430876,-0.04241046017579819
1993-11-01,1993.0,11.0,eastern_pacific_otis,30,27.568922969704172,0.07106382903370836,27.57301438992966,-0.004091420225488918
1993-12-01,1993.0,12.0,eastern_pacific_otis,31,27.168440554557083,0.3268096257758733,26.87010418485478,0.2983363697023016
1994-01-01,1994.0,1.0,eastern_pacific_otis,31,26.617498841094225,0.3496015758891897,26.209968646296918,0.4075301947973067
1994-02-01,1994.0,2.0,eastern_pacific_otis,28,26.260362372313725,0.16367668452694756,26.079964696543815,0.1803976757699104
1994-03-01,1994.0,3.0,eastern_pacific_otis,31,26.449581566413585,0.11975259394602704,26.3673470620231,0.08223450439048463
1994-04-01,1994.0,4.0,eastern_pacific_otis,30,26.964576888971447,0.1364846125510123,26.937158944390713,0.027417944580733433
1994-05-01,1994.0,5.0,eastern_pacific_otis,31,27.391277216439665,-0.011172438477684487,27.535350775501094,-0.14407355906142882
1994-06-01,1994.0,6.0,eastern_pacific_otis,30,27.67911407377431,-0.01990007040282095,27.676817790548057,0.002296283226254303
1994-07-01,1994.0,7.0,eastern_pacific_otis,31,28.144380302764876,0.1629805085310201,28.050031351324204,0.09434895144067212
1994-08-01,1994.0,8.0,eastern_pacific_otis,31,28.18399656987907,-0.04174372057533603,28.328567274558093,-0.14457070467902255
1994-09-01,1994.0,9.0,eastern_pacific_otis,30,28.28350551345901,0.1220960523665251,28.160403080920343,0.1231024325386656
1994-10-01,1994.0,10.0,eastern_pacific_otis,31,27.719130151902437,-0.15494978999110115,27.89035968430876,-0.171229532406322
1994-11-01,1994.0,11.0,eastern_pacific_otis,30,27.836632040705013,0.3387860523462235,27.57301438992966,0.2636176507753518
1994-12-01,1994.0,12.0,eastern_pacific_otis,31,26.943782906402404,0.10216946331796642,26.87010418485478,0.07367872154762267
1995-01-01,1995.0,1.0,eastern_pacific_otis,31,26.51005559167592,0.24215416718067403,26.209968646296918,0.30008694537900027
1995-02-01,1995.0,2.0,eastern_pacific_otis,28,26.48849511287385,0.39180560734445197,26.079964696543815,0.4085304163300343
1995-03-01,1995.0,3.0,eastern_pacific_otis,31,26.735128626589262,0.4053048553627753,26.3673470620231,0.36778156456616173
1995-04-01,1995.0,4.0,eastern_pacific_otis,30,27.00197635087821,0.17388047874820603,26.937158944390713,0.06481740648749579
1995-05-01,1995.0,5.0,eastern_pacific_otis,31,27.1733170868587,-0.22911650066362452,27.535350775501094,-0.36203368864239494
1995-06-01,1995.0,6.0,eastern_pacific_otis,30,27.382653486157842,-0.31635540341087215,27.676817790548057,-0.2941643043902147
1995-07-01,1995.0,7.0,eastern_pacific_otis,31,27.907518750806176,-0.07388191685012872,28.050031351324204,-0.14251260051802817
1995-08-01,1995.0,8.0,eastern_pacific_otis,31,27.703049813006597,-0.5226928027907287,28.328567274558093,-0.625517461551496
1995-09-01,1995.0,9.0,eastern_pacific_otis,30,27.8628479048676,-0.29855782674770365,28.160403080920343,-0.29755517605274306
1995-10-01,1995.0,10.0,eastern_pacific_otis,31,27.390500088662915,-0.4835832037152588,27.89035968430876,-0.4998595956458445
1995-11-01,1995.0,11.0,eastern_pacific_otis,30,27.583206975270553,0.08535482096907751,27.57301438992966,0.01019258534089218
1995-12-01,1995.0,12.0,eastern_pacific_otis,31,26.9583366133432,0.1167405192993754,26.87010418485478,0.08823242848841772
1996-01-01,1996.0,1.0,eastern_pacific_otis,31,25.698695815301853,-0.5692136003222305,26.209968646296918,-0.5112728309950647
1996-02-01,1996.0,2.0,eastern_pacific_otis,29,25.773331333080932,-0.3256778733623364,26.079964696543815,-0.3066333634628826
1996-03-01,1996.0,3.0,eastern_pacific_otis,31,25.983310847159512,-0.3465125154074183,26.3673470620231,-0.3840362148635883
1996-04-01,1996.0,4.0,eastern_pacific_otis,30,26.64874532495719,-0.17934518564035118,26.937158944390713,-0.2884136194335234
1996-05-01,1996.0,5.0,eastern_pacific_otis,31,27.41913765010736,0.016703814376684042,27.535350775501094,-0.11621312539373463
1996-06-01,1996.0,6.0,eastern_pacific_otis,30,27.686343862401205,-0.012667620183886978,27.676817790548057,0.009526071853148466
1996-07-01,1996.0,7.0,eastern_pacific_otis,31,27.788722059674093,-0.19268601733873708,28.050031351324204,-0.26130929165011096
1996-08-01,1996.0,8.0,eastern_pacific_otis,31,27.91998114970302,-0.3057481733058096,28.328567274558093,-0.4085861248550735
1996-09-01,1996.0,9.0,eastern_pacific_otis,30,27.98970174062571,-0.1717109401382024,28.160403080920343,-0.17070134029463446
1996-10-01,1996.0,10.0,eastern_pacific_otis,31,27.67164843106918,-0.20244707088761604,27.89035968430876,-0.2187112532395794
1996-11-01,1996.0,11.0,eastern_pacific_otis,30,27.388384777019933,-0.10945433685663251,27.57301438992966,-0.18462961290972757
1996-12-01,1996.0,12.0,eastern_pacific_otis,31,26.545668806460892,-0.29595655324187264,26.87010418485478,-0.3244353783938898
1997-01-01,1997.0,1.0,eastern_pacific_otis,31,25.87757156045326,-0.39032408735910945,26.209968646296918,-0.33239708584365957
1997-02-01,1997.0,2.0,eastern_pacific_otis,28,25.635523892842595,-0.4611728783855161,26.079964696543815,-0.4444408037012195
1997-03-01,1997.0,3.0,eastern_pacific_otis,31,26.346922281786654,0.017108022155898808,26.3673470620231,-0.020424780236446338
1997-04-01,1997.0,4.0,eastern_pacific_otis,30,26.737421616124973,-0.09066378017356436,26.937158944390713,-0.19973732826574064
1997-05-01,1997.0,5.0,eastern_pacific_otis,31,27.700393139696942,0.29794485832992246,27.535350775501094,0.16504236419584828
1997-06-01,1997.0,6.0,eastern_pacific_otis,30,28.004729466840278,0.30571494075989497,27.676817790548057,0.32791167629222073
1997-07-01,1997.0,7.0,eastern_pacific_otis,31,28.560373555471966,0.5789767938764473,28.050031351324204,0.5103422041477614
1997-08-01,1997.0,8.0,eastern_pacific_otis,31,28.79981475408273,0.5740912599304897,28.328567274558093,0.4712474795246351
1997-09-01,1997.0,9.0,eastern_pacific_otis,30,28.60336507167405,0.44195371685614016,28.160403080920343,0.4429619907537088
1997-10-01,1997.0,10.0,eastern_pacific_otis,31,28.184819733420756,0.31075847176768095,27.89035968430876,0.2944600491119971
1997-11-01,1997.0,11.0,eastern_pacific_otis,30,27.71339344371759,0.2155373848904863,27.57301438992966,0.14037905378792814
1997-12-01,1997.0,12.0,eastern_pacific_otis,31,27.182300197494794,0.340692738260929,26.87010418485478,0.31219601264001184
1998-01-01,1998.0,1.0,eastern_pacific_otis,31,26.649026085601946,0.3811302841055175,26.209968646296918,0.43905743930502794
1998-02-01,1998.0,2.0,eastern_pacific_otis,28,26.462774127741543,0.3660925557016773,26.079964696543815,0.38280943119772814
1998-03-01,1998.0,3.0,eastern_pacific_otis,31,26.51264660220837,0.1828299194357736,26.3673470620231,0.14529954018527036
1998-04-01,1998.0,4.0,eastern_pacific_otis,30,26.56533471499713,-0.26274352349313457,26.937158944390713,-0.3718242293935816
1998-05-01,1998.0,5.0,eastern_pacific_otis,31,27.27857637558536,-0.12385063845530037,27.535350775501094,-0.25677439991573436
1998-06-01,1998.0,6.0,eastern_pacific_otis,30,27.784220424668227,0.08520737025725568,27.676817790548057,0.10740263412017015
1998-07-01,1998.0,7.0,eastern_pacific_otis,31,27.896196685286103,-0.08521712169304226,28.050031351324204,-0.15383466603810092
1998-08-01,1998.0,8.0,eastern_pacific_otis,31,28.401243469714704,0.17552362009877856,28.328567274558093,0.07267619515661039
1998-09-01,1998.0,9.0,eastern_pacific_otis,30,27.85784406508282,-0.30356093543490603,28.160403080920343,-0.30255901583752376
1998-10-01,1998.0,10.0,eastern_pacific_otis,31,27.604083259633068,-0.2700112294067607,27.89035968430876,-0.28627642467569103
1998-11-01,1998.0,11.0,eastern_pacific_otis,30,27.17140235832539,-0.32645714214173943,27.57301438992966,-0.4016120316042695
1998-12-01,1998.0,12.0,eastern_pacific_otis,31,26.470152542234967,-0.37146387738448433,26.87010418485478,-0.39995164261981486
1999-01-01,1999.0,1.0,eastern_pacific_otis,31,25.910172001155097,-0.3577359985681202,26.209968646296918,-0.29979664514182147
1999-02-01,1999.0,2.0,eastern_pacific_otis,28,25.860953570875093,-0.23572206234666596,26.079964696543815,-0.21901112566872172
1999-03-01,1999.0,3.0,eastern_pacific_otis,31,25.915719130095685,-0.4140860569429159,26.3673470620231,-0.45162793192741546
1999-04-01,1999.0,4.0,eastern_pacific_otis,30,26.3612194361864,-0.4668830280025486,26.937158944390713,-0.5759395082043142
1999-05-01,1999.0,5.0,eastern_pacific_otis,31,27.161401056232332,-0.24103712390792417,27.535350775501094,-0.3739497192687615
1999-06-01,1999.0,6.0,eastern_pacific_otis,30,27.36647316267474,-0.33252893632638897,27.676817790548057,-0.3103446278733166
1999-07-01,1999.0,7.0,eastern_pacific_otis,31,27.594540656466673,-0.38686970310204044,28.050031351324204,-0.4554906948575308
1999-08-01,1999.0,8.0,eastern_pacific_otis,31,27.569555343653196,-0.6561879006329359,28.328567274558093,-0.7590119309048973
1999-09-01,1999.0,9.0,eastern_pacific_otis,30,27.24471384806121,-0.9167103193481925,28.160403080920343,-0.9156892328591333
1999-10-01,1999.0,10.0,eastern_pacific_otis,31,26.748600694978997,-1.1254797326344665,27.89035968430876,-1.1417589893297624
1999-11-01,1999.0,11.0,eastern_pacific_otis,30,26.805824982331643,-0.692029758218983,27.57301438992966,-0.7671894075980177
1999-12-01,1999.0,12.0,eastern_pacific_otis,31,26.025995536572765,-0.8156132676139431,26.87010418485478,-0.8441086482820168
2000-01-01,2000.0,1.0,eastern_pacific_otis,31,25.320454684224522,-0.9474421066122586,26.209968646296918,-0.889513962072396
2000-02-01,2000.0,2.0,eastern_pacific_otis,29,25.54744127325927,-0.5515854043375281,26.079964696543815,-0.5325234232845446
2000-03-01,2000.0,3.0,eastern_pacific_otis,31,25.837549516630087,-0.49225161895889774,26.3673470620231,-0.5297975453930128
2000-04-01,2000.0,4.0,eastern_pacific_otis,30,26.434818344254655,-0.39328158872616553,26.937158944390713,-0.5023406001360584
2000-05-01,2000.0,5.0,eastern_pacific_otis,31,27.022785567863387,-0.37966432238247166,27.535350775501094,-0.5125652076377065
2000-06-01,2000.0,6.0,eastern_pacific_otis,30,27.04470369593393,-0.6542892033292583,27.676817790548057,-0.6321140946141277
2000-07-01,2000.0,7.0,eastern_pacific_otis,31,27.82025897797505,-0.16114777504171338,28.050031351324204,-0.22977237334915301
2000-08-01,2000.0,8.0,eastern_pacific_otis,31,28.086947539219878,-0.13878707802649953,28.328567274558093,-0.24161973533821524
2000-09-01,2000.0,9.0,eastern_pacific_otis,30,27.866164074890985,-0.29524633204912043,28.160403080920343,-0.2942390060293576
2000-10-01,2000.0,10.0,eastern_pacific_otis,31,27.647166854511138,-0.22691078452447241,27.89035968430876,-0.24319282979762136
2000-11-01,2000.0,11.0,eastern_pacific_otis,30,27.38636831728683,-0.11147969224876457,27.57301438992966,-0.18664607264283006
2000-12-01,2000.0,12.0,eastern_pacific_otis,31,26.812376912418284,-0.029242352973741895,26.87010418485478,-0.05772727243649811
2001-01-01,2001.0,1.0,eastern_pacific_otis,31,26.160923273571978,-0.10698431530864393,26.209968646296918,-0.04904537272494025
2001-02-01,2001.0,2.0,eastern_pacific_otis,28,25.904326937494645,-0.19232662576232804,26.079964696543815,-0.17563775904917023
2001-03-01,2001.0,3.0,eastern_pacific_otis,31,25.881859644553106,-0.4479596349106799,26.3673470620231,-0.4854874174699937
2001-04-01,2001.0,4.0,eastern_pacific_otis,30,26.447027149637666,-0.3810625522635494,26.937158944390713,-0.49013179475304725
2001-05-01,2001.0,5.0,eastern_pacific_otis,31,27.316167529432647,-0.08629084726725386,27.535350775501094,-0.21918324606844664
2001-06-01,2001.0,6.0,eastern_pacific_otis,30,27.57960560795358,-0.11939504554527863,27.676817790548057,-0.0972121825944754
2001-07-01,2001.0,7.0,eastern_pacific_otis,31,28.178506388700743,0.1971084718560921,28.050031351324204,0.1284750373765391
2001-08-01,2001.0,8.0,eastern_pacific_otis,31,28.744155050994326,0.5184367764206576,28.328567274558093,0.415587776436233
2001-09-01,2001.0,9.0,eastern_pacific_otis,30,28.313362345115532,0.15196943894974554,28.160403080920343,0.15295926419518935
2001-10-01,2001.0,10.0,eastern_pacific_otis,31,27.79321901401393,-0.08086248109158038,27.89035968430876,-0.09714067029483076
2001-11-01,2001.0,11.0,eastern_pacific_otis,30,27.547096072894046,0.04925578308081028,27.57301438992966,-0.025918317035614535
2001-12-01,2001.0,12.0,eastern_pacific_otis,31,26.679147104071628,-0.16247747935270324,26.87010418485478,-0.19095708078315354
2002-01-01,2002.0,1.0,eastern_pacific_otis,31,25.848710069924735,-0.41917047101750954,26.209968646296918,-0.36125857637218317
2002-02-01,2002.0,2.0,eastern_pacific_otis,28,25.701753868425136,-0.39493384351934646,26.079964696543815,-0.3782108281186787
2002-03-01,2002.0,3.0,eastern_pacific_otis,31,26.29026786522971,-0.03954270052868364,26.3673470620231,-0.0770791967933917
2002-04-01,2002.0,4.0,eastern_pacific_otis,30,27.141776301521833,0.3136625728813571,26.937158944390713,0.20461735713112006
2002-05-01,2002.0,5.0,eastern_pacific_otis,31,27.808855376134133,0.4064193726739053,27.535350775501094,0.2735046006330393
2002-06-01,2002.0,6.0,eastern_pacific_otis,30,27.85103833806942,0.15203158088733712,27.676817790548057,0.17422054752136162
2002-07-01,2002.0,7.0,eastern_pacific_otis,31,28.205249925794032,0.22384728556925101,28.050031351324204,0.15521857446982779
2002-08-01,2002.0,8.0,eastern_pacific_otis,31,28.334960789308543,0.1092402114402987,28.328567274558093,0.006393514750449469
2002-09-01,2002.0,9.0,eastern_pacific_otis,30,27.983624069689103,-0.17777671004301623,28.160403080920343,-0.17677901123123974
2002-10-01,2002.0,10.0,eastern_pacific_otis,31,28.140589292153795,0.26648140401290143,27.89035968430876,0.2502296078450357
2002-11-01,2002.0,11.0,eastern_pacific_otis,30,27.45401124527731,-0.04385603784834,27.57301438992966,-0.11900314465234985
2002-12-01,2002.0,12.0,eastern_pacific_otis,31,26.952569950155617,0.11094189312473245,26.87010418485478,0.08246576530083516
2003-01-01,2003.0,1.0,eastern_pacific_otis,31,26.37457189840515,0.10667988836170901,26.209968646296918,0.16460325210823257
2003-02-01,2003.0,2.0,eastern_pacific_otis,28,26.33329833091473,0.236626966913252,26.079964696543815,0.2533336343709145
2003-03-01,2003.0,3.0,eastern_pacific_otis,31,26.498206015168,0.1683942450425527,26.3673470620231,0.1308589531449016
2003-04-01,2003.0,4.0,eastern_pacific_otis,30,26.86655251010535,0.03846867300043939,26.937158944390713,-0.07060643428536295
2003-05-01,2003.0,5.0,eastern_pacific_otis,31,27.576359012647877,0.1739204670717184,27.535350775501094,0.0410082371467837
2003-06-01,2003.0,6.0,eastern_pacific_otis,30,27.451867733604402,-0.2471486460484074,27.676817790548057,-0.22495005694365489
2003-07-01,2003.0,7.0,eastern_pacific_otis,31,27.82052153150347,-0.1608844760153387,28.050031351324204,-0.22950981982073415
2003-08-01,2003.0,8.0,eastern_pacific_otis,31,28.519405649810633,0.29368409395354744,28.328567274558093,0.19083837525253955
2003-09-01,2003.0,9.0,eastern_pacific_otis,30,28.33283574600039,0.17142377512964568,28.160403080920343,0.1724326650800485
2003-10-01,2003.0,10.0,eastern_pacific_otis,31,27.682531137317806,-0.1915586809524929,27.89035968430876,-0.2078285469909531
2003-11-01,2003.0,11.0,eastern_pacific_otis,30,27.704009032133804,0.20617028143758903,27.57301438992966,0.13099464220414347
2003-12-01,2003.0,12.0,eastern_pacific_otis,31,26.659079381623858,-0.1825302042990169,26.87010418485478,-0.21102480323092365
2004-01-01,2004.0,1.0,eastern_pacific_otis,31,26.029373973671188,-0.2385143053888246,26.209968646296918,-0.18059467262573037
2004-02-01,2004.0,2.0,eastern_pacific_otis,29,25.90033561841294,-0.19870406389781187,26.079964696543815,-0.17962907813087625
2004-03-01,2004.0,3.0,eastern_pacific_otis,31,26.538130825732416,0.20831225727513858,26.3673470620231,0.17078376370931636
2004-04-01,2004.0,4.0,eastern_pacific_otis,30,26.949331262303875,0.12123432003304299,26.937158944390713,0.01217231791316209
2004-05-01,2004.0,5.0,eastern_pacific_otis,31,27.66349374328424,0.26103773471430336,27.535350775501094,0.1281429677831447
2004-06-01,2004.0,6.0,eastern_pacific_otis,30,27.60309689241811,-0.09590659298394474,27.676817790548057,-0.07372089812994531
2004-07-01,2004.0,7.0,eastern_pacific_otis,31,27.852956085881196,-0.12844698614314354,28.050031351324204,-0.1970752654430079
2004-08-01,2004.0,8.0,eastern_pacific_otis,31,28.532271070020418,0.30653617574999553,28.328567274558093,0.20370379546232442
2004-09-01,2004.0,9.0,eastern_pacific_otis,30,28.115025251175204,-0.04638737454774458,28.160403080920343,-0.0453778297451386
2004-10-01,2004.0,10.0,eastern_pacific_otis,31,27.96147206149139,0.08737521414515827,27.89035968430876,0.07111237718262942
2004-11-01,2004.0,11.0,eastern_pacific_otis,30,27.621552128653278,0.12369960936698178,27.57301438992966,0.048537738723617
2004-12-01,2004.0,12.0,eastern_pacific_otis,31,26.82696517991062,-0.014637744337013911,26.87010418485478,-0.04313900494416245
2005-01-01,2005.0,1.0,eastern_pacific_otis,31,26.31702236518421,0.049469058410968464,26.209968646296918,0.10705371888729331
2005-02-01,2005.0,2.0,eastern_pacific_otis,28,26.132888501953346,0.0346969303087478,26.079964696543815,0.0529238054095309
2005-03-01,2005.0,3.0,eastern_pacific_otis,31,26.253003553264538,-0.0762878085164352,26.3673470620231,-0.11434350875856225
2005-04-01,2005.0,4.0,eastern_pacific_otis,30,26.924535355141835,0.09644535728247366,26.937158944390713,-0.01262358924887863
2005-05-01,2005.0,5.0,eastern_pacific_otis,31,27.520426415328238,0.11798036674447875,27.535350775501094,-0.0149243601728557
2005-06-01,2005.0,6.0,eastern_pacific_otis,30,27.542612120158022,-0.15639420030538742,27.676817790548057,-0.13420567039003473
2005-07-01,2005.0,7.0,eastern_pacific_otis,31,27.830363975766204,-0.1510507904277693,28.050031351324204,-0.2196673755580001
2005-08-01,2005.0,8.0,eastern_pacific_otis,31,28.143672661090136,-0.08206631497346442,28.328567274558093,-0.18489461346795721
2005-09-01,2005.0,9.0,eastern_pacific_otis,30,28.18388686553151,0.02248630844466166,28.160403080920343,0.02348378461116596
2005-10-01,2005.0,10.0,eastern_pacific_otis,31,27.52131826860973,-0.35278159915004154,27.89035968430876,-0.36904141569903004
2005-11-01,2005.0,11.0,eastern_pacific_otis,30,27.238919595286415,-0.25892673843197717,27.57301438992966,-0.33409479464324576
2005-12-01,2005.0,12.0,eastern_pacific_otis,31,26.475784357143876,-0.3658401795639767,26.87010418485478,-0.39431982771090546
2006-01-01,2006.0,1.0,eastern_pacific_otis,31,25.824393712562603,-0.4431454275630455,26.209968646296918,-0.38557493373431484
2006-02-01,2006.0,2.0,eastern_pacific_otis,28,25.677186448435013,-0.4209981395634818,26.079964696543815,-0.4027782481088025
2006-03-01,2006.0,3.0,eastern_pacific_otis,31,26.032557630334995,-0.29673809091833386,26.3673470620231,-0.3347894316881046
2006-04-01,2006.0,4.0,eastern_pacific_otis,30,26.887341918146323,0.059249567962182594,26.937158944390713,-0.04981702624439066
2006-05-01,2006.0,5.0,eastern_pacific_otis,31,27.36771642111042,-0.0347182116375116,27.535350775501094,-0.16763435439067464
2006-06-01,2006.0,6.0,eastern_pacific_otis,30,27.551900096118658,-0.14712243052825155,27.676817790548057,-0.12491769442939926
2006-07-01,2006.0,7.0,eastern_pacific_otis,31,28.331332335057077,0.34992760612777307,28.050031351324204,0.2813009837328728
2006-08-01,2006.0,8.0,eastern_pacific_otis,31,28.38774164099573,0.1620215045322467,28.328567274558093,0.05917436643763807
2006-09-01,2006.0,9.0,eastern_pacific_otis,30,28.416254159823158,0.254839797602605,28.160403080920343,0.2558510789028148
2006-10-01,2006.0,10.0,eastern_pacific_otis,31,28.30467700425532,0.43059114029059103,27.89035968430876,0.4143173199465622
2006-11-01,2006.0,11.0,eastern_pacific_otis,30,27.587642336976593,0.08978589827660852,27.57301438992966,0.014627947046932377
2006-12-01,2006.0,12.0,eastern_pacific_otis,31,26.706087439574507,-0.13552614234927735,26.87010418485478,-0.164016745280275
2007-01-01,2007.0,1.0,eastern_pacific_otis,31,26.182819268090242,-0.08472527149393927,26.209968646296918,-0.02714937820667629
2007-02-01,2007.0,2.0,eastern_pacific_otis,28,25.93651233070915,-0.16167509014329243,26.079964696543815,-0.14345236583466558
2007-03-01,2007.0,3.0,eastern_pacific_otis,31,26.381516539023426,0.05222834544580406,26.3673470620231,0.014169477000326225
2007-04-01,2007.0,4.0,eastern_pacific_otis,30,26.987723600239224,0.15965093148955212,26.937158944390713,0.05056465584851111
2007-05-01,2007.0,5.0,eastern_pacific_otis,31,27.434544408625396,0.03211377624450908,27.535350775501094,-0.10080636687569822
2007-06-01,2007.0,6.0,eastern_pacific_otis,30,27.910127414669,0.21112618436786731,27.676817790548057,0.2333096241209418
2007-07-01,2007.0,7.0,eastern_pacific_otis,31,28.319471671474716,0.3380729960338853,28.050031351324204,0.2694403201505118
2007-08-01,2007.0,8.0,eastern_pacific_otis,31,28.25721417585121,0.03149109625271591,28.328567274558093,-0.07135309870688289
2007-09-01,2007.0,9.0,eastern_pacific_otis,30,28.27768305759832,0.11627375892188235,28.160403080920343,0.11727997667797752
2007-10-01,2007.0,10.0,eastern_pacific_otis,31,27.562694028332878,-0.31140142319632846,27.89035968430876,-0.32766565597588126
2007-11-01,2007.0,11.0,eastern_pacific_otis,30,27.123504663707596,-0.3743162419671273,27.57301438992966,-0.44950972622206464
2007-12-01,2007.0,12.0,eastern_pacific_otis,31,26.644643642613666,-0.19696764343804374,26.87010418485478,-0.225460542241116
2008-01-01,2008.0,1.0,eastern_pacific_otis,31,25.820247446439723,-0.44764050233083363,26.209968646296918,-0.38972119985719544
2008-02-01,2008.0,2.0,eastern_pacific_otis,29,25.849136314925367,-0.24989944489900975,26.079964696543815,-0.23082838161844776
2008-03-01,2008.0,3.0,eastern_pacific_otis,31,26.02655739745137,-0.30326253691552907,26.3673470620231,-0.3407896645717301
2008-04-01,2008.0,4.0,eastern_pacific_otis,30,26.727402450812296,-0.1007050124056493,26.937158944390713,-0.20975649357841775
2008-05-01,2008.0,5.0,eastern_pacific_otis,31,27.618346189337753,0.21590337619405545,27.535350775501094,0.08299541383665954
2008-06-01,2008.0,6.0,eastern_pacific_otis,30,27.57671479323201,-0.12229982059800246,27.676817790548057,-0.10010299731604633
2008-07-01,2008.0,7.0,eastern_pacific_otis,31,27.783625720903956,-0.197786823203666,28.050031351324204,-0.26640563042024823
2008-08-01,2008.0,8.0,eastern_pacific_otis,31,28.34526501061584,0.11954964643195586,28.328567274558093,0.016697736057746937
2008-09-01,2008.0,9.0,eastern_pacific_otis,30,28.087318251880603,-0.07410199566394467,28.160403080920343,-0.07308482903973967
2008-10-01,2008.0,10.0,eastern_pacific_otis,31,27.87280462816596,-0.0012666281830994181,27.89035968430876,-0.017555056142800396
2008-11-01,2008.0,11.0,eastern_pacific_otis,30,27.417615077708174,-0.0802417584598991,27.57301438992966,-0.15539931222148695
2008-12-01,2008.0,12.0,eastern_pacific_otis,31,26.739261817788208,-0.1023462585828064,26.87010418485478,-0.13084236706657393
2009-01-01,2009.0,1.0,eastern_pacific_otis,31,26.328050800928153,0.06050577125798857,26.209968646296918,0.11808215463123517
2009-02-01,2009.0,2.0,eastern_pacific_otis,28,26.22439348696413,0.12619453892661828,26.079964696543815,0.14442879042031365
2009-03-01,2009.0,3.0,eastern_pacific_otis,31,26.324215889754676,-0.005056883690742918,26.3673470620231,-0.04313117226842422
2009-04-01,2009.0,4.0,eastern_pacific_otis,30,26.95985227069966,0.13175210244118016,26.937158944390713,0.022693326308946382
2009-05-01,2009.0,5.0,eastern_pacific_otis,31,27.519420949440715,0.11697925356186041,27.535350775501094,-0.01592982606037907
2009-06-01,2009.0,6.0,eastern_pacific_otis,30,28.086127647465265,0.38711327297323583,27.676817790548057,0.4093098569172078
2009-07-01,2009.0,7.0,eastern_pacific_otis,31,28.595057061169545,0.6136539223451161,28.050031351324204,0.5450257098453406
2009-08-01,2009.0,8.0,eastern_pacific_otis,31,28.88905279670202,0.6633242091492731,28.328567274558093,0.560485522143928
2009-09-01,2009.0,9.0,eastern_pacific_otis,30,29.036893573086502,0.8754983644484035,28.160403080920343,0.8764904921661589
2009-10-01,2009.0,10.0,eastern_pacific_otis,31,28.529498448501645,0.6553978666790422,27.89035968430876,0.6391387641928858
2009-11-01,2009.0,11.0,eastern_pacific_otis,30,27.63257918805993,0.1347433080663673,27.57301438992966,0.059564798130267604
2009-12-01,2009.0,12.0,eastern_pacific_otis,31,27.372280272065122,0.5306639886656361,26.87010418485478,0.5021760872103407
2010-01-01,2010.0,1.0,eastern_pacific_otis,31,26.192826082576296,-0.07472447425845158,26.209968646296918,-0.01714256372062195
2010-02-01,2010.0,2.0,eastern_pacific_otis,28,26.34100107151058,0.24282000760068206,26.079964696543815,0.26103637496676413
2010-03-01,2010.0,3.0,eastern_pacific_otis,31,26.324231753474812,-0.005042913295815796,26.3673470620231,-0.0431153085482876
2010-04-01,2010.0,4.0,eastern_pacific_otis,30,27.182298337875206,0.354204659263655,26.937158944390713,0.24513939348449298
2010-05-01,2010.0,5.0,eastern_pacific_otis,31,27.596301136887828,0.19384286715570215,27.535350775501094,0.06095036138673393
2010-06-01,2010.0,6.0,eastern_pacific_otis,30,27.41685043178971,-0.28216325672035697,27.676817790548057,-0.2599673587583453
2010-07-01,2010.0,7.0,eastern_pacific_otis,31,27.68918210384476,-0.2922044447537529,28.050031351324204,-0.36084924747944314
2010-08-01,2010.0,8.0,eastern_pacific_otis,31,27.783617657953965,-0.4421118724409266,28.328567274558093,-0.5449496166041286
2010-09-01,2010.0,9.0,eastern_pacific_otis,30,27.657303074557234,-0.5040928915708566,28.160403080920343,-0.503100006363109
2010-10-01,2010.0,10.0,eastern_pacific_otis,31,27.455061410381568,-0.4190390917610411,27.89035968430876,-0.43529827392719156
2010-11-01,2010.0,11.0,eastern_pacific_otis,30,26.882793548972142,-0.6150613900868959,27.57301438992966,-0.6902208409575188
2010-12-01,2010.0,12.0,eastern_pacific_otis,31,25.890353135372028,-0.9512550348684649,26.87010418485478,-0.9797510494827542
2011-01-01,2011.0,1.0,eastern_pacific_otis,31,25.31967312318991,-0.9478689017843221,26.209968646296918,-0.8902955231070067
2011-02-01,2011.0,2.0,eastern_pacific_otis,28,25.225775306756,-0.8724086175605157,26.079964696543815,-0.8541893897878161
2011-03-01,2011.0,3.0,eastern_pacific_otis,31,25.749916617507132,-0.5793720670296904,26.3673470620231,-0.6174304445159677
2011-04-01,2011.0,4.0,eastern_pacific_otis,30,26.660718623542603,-0.16738027945024928,26.937158944390713,-0.2764403208481099
2011-05-01,2011.0,5.0,eastern_pacific_otis,31,27.23550701328193,-0.16692528429947986,27.535350775501094,-0.2998437622191652
2011-06-01,2011.0,6.0,eastern_pacific_otis,30,27.378097659156985,-0.3209167250349144,27.676817790548057,-0.2987201313910717
2011-07-01,2011.0,7.0,eastern_pacific_otis,31,27.507608393300455,-0.4737883986387891,28.050031351324204,-0.5424229580237494
2011-08-01,2011.0,8.0,eastern_pacific_otis,31,27.87735699168217,-0.34838181672634605,28.328567274558093,-0.45121028287592324
2011-09-01,2011.0,9.0,eastern_pacific_otis,30,28.023070968344474,-0.13833699694184184,28.160403080920343,-0.1373321125758693
2011-10-01,2011.0,10.0,eastern_pacific_otis,31,27.30945836406006,-0.5646023400520678,27.89035968430876,-0.5809013202486994
2011-11-01,2011.0,11.0,eastern_pacific_otis,30,27.164163200100433,-0.3336930714465703,27.57301438992966,-0.4088511898292282
2011-12-01,2011.0,12.0,eastern_pacific_otis,31,26.29845218956727,-0.5431540989179341,26.87010418485478,-0.5716519952875103
2012-01-01,2012.0,1.0,eastern_pacific_otis,31,25.860114109022664,-0.4077763434427612,26.209968646296918,-0.3498545372742541
2012-02-01,2012.0,2.0,eastern_pacific_otis,29,25.86869857115714,-0.23032793282269234,26.079964696543815,-0.21126612538667544
2012-03-01,2012.0,3.0,eastern_pacific_otis,31,26.002119709885847,-0.3277062150989808,26.3673470620231,-0.36522735213725355
2012-04-01,2012.0,4.0,eastern_pacific_otis,30,26.758673817933122,-0.06941944764576878,26.937158944390713,-0.1784851264575913
2012-05-01,2012.0,5.0,eastern_pacific_otis,31,27.305014157806358,-0.09741640166190892,27.535350775501094,-0.23033661769473568
2012-06-01,2012.0,6.0,eastern_pacific_otis,30,27.754964415558405,0.05596237317735954,27.676817790548057,0.07814662501034775
2012-07-01,2012.0,7.0,eastern_pacific_otis,31,28.595360987988734,0.6139488165211633,28.050031351324204,0.5453296366645297
2012-08-01,2012.0,8.0,eastern_pacific_otis,31,28.42232644099391,0.19659700817954573,28.328567274558093,0.09375916643581661
2012-09-01,2012.0,9.0,eastern_pacific_otis,30,28.51779499876051,0.35638118762633686,28.160403080920343,0.3573919178401681
2012-10-01,2012.0,10.0,eastern_pacific_otis,31,28.171675664781848,0.29760370528509184,27.89035968430876,0.2813159804730887
2012-11-01,2012.0,11.0,eastern_pacific_otis,30,27.94254742851496,0.4446816102914005,27.57301438992966,0.36953303858529907
2012-12-01,2012.0,12.0,eastern_pacific_otis,31,27.355986250918768,0.5143872017333445,26.87010418485478,0.48588206606398643
2013-01-01,2013.0,1.0,eastern_pacific_otis,31,26.206777555166436,-0.061114041414811804,26.209968646296918,-0.0031910911304819933
2013-02-01,2013.0,2.0,eastern_pacific_otis,28,26.068723366556668,-0.02797065085018513,26.079964696543815,-0.011241329987146997
2013-03-01,2013.0,3.0,eastern_pacific_otis,31,26.220389410241538,-0.10944000319418135,26.3673470620231,-0.1469576517815625
2013-04-01,2013.0,4.0,eastern_pacific_otis,30,26.791530770273663,-0.03654743031959175,26.937158944390713,-0.14562817411704998
2013-05-01,2013.0,5.0,eastern_pacific_otis,31,27.761111701664056,0.3586723499020249,27.535350775501094,0.2257609261629625
2013-06-01,2013.0,6.0,eastern_pacific_otis,30,27.754570626706943,0.055540311085274796,27.676817790548057,0.0777528361588864
2013-07-01,2013.0,7.0,eastern_pacific_otis,31,28.264966945835265,0.28356184688551045,28.050031351324204,0.21493559451106137
2013-08-01,2013.0,8.0,eastern_pacific_otis,31,28.688395764199726,0.46266154535280074,28.328567274558093,0.3598284896416324
2013-09-01,2013.0,9.0,eastern_pacific_otis,30,28.12393186964958,-0.037460767627605425,28.160403080920343,-0.03647121127076147
2013-10-01,2013.0,10.0,eastern_pacific_otis,31,27.95687080617737,0.08279762528609155,27.89035968430876,0.06651112186861141
2013-11-01,2013.0,11.0,eastern_pacific_otis,30,27.55072754491757,0.0528706061116686,27.57301438992966,-0.022286845012089884
2013-12-01,2013.0,12.0,eastern_pacific_otis,31,26.66084641326016,-0.18076176702224897,26.87010418485478,-0.209257771594622
2014-01-01,2014.0,1.0,eastern_pacific_otis,31,26.136264664455872,-0.13127054210288608,26.209968646296918,-0.07370398184104587
2014-02-01,2014.0,2.0,eastern_pacific_otis,28,26.294932571019064,0.19672812669878184,26.079964696543815,0.21496787447524923
2014-03-01,2014.0,3.0,eastern_pacific_otis,31,26.946542241463362,0.6172643623926933,26.3673470620231,0.5791951794402621
2014-04-01,2014.0,4.0,eastern_pacific_otis,30,27.5287735027783,0.7006806827156252,26.937158944390713,0.5916145583875867
2014-05-01,2014.0,5.0,eastern_pacific_otis,31,27.904309041001873,0.5018703755784675,27.535350775501094,0.3689582655007797
2014-06-01,2014.0,6.0,eastern_pacific_otis,30,28.30747554567831,0.6084513576510676,27.676817790548057,0.6306577551302546
2014-07-01,2014.0,7.0,eastern_pacific_otis,31,28.84313017508587,0.8617186823164374,28.050031351324204,0.7930988237616674
2014-08-01,2014.0,8.0,eastern_pacific_otis,31,29.132660069637534,0.9069361982612015,28.328567274558093,0.8040927950794412
2014-09-01,2014.0,9.0,eastern_pacific_otis,30,28.45925240415158,0.29784363828966093,28.160403080920343,0.2988493232312379
2014-10-01,2014.0,10.0,eastern_pacific_otis,31,28.397801544990845,0.5237222431560815,27.89035968430876,0.5074418606820856
2014-11-01,2014.0,11.0,eastern_pacific_otis,30,27.943779361258578,0.44594014384191943,27.57301438992966,0.37076497132891717
2014-12-01,2014.0,12.0,eastern_pacific_otis,31,27.081898780694726,0.24029577065482358,26.87010418485478,0.21179459583994387
2015-01-01,2015.0,1.0,eastern_pacific_otis,31,26.568187215298448,0.30064712010577505,26.209968646296918,0.3582185690015294
2015-02-01,2015.0,2.0,eastern_pacific_otis,28,26.663517210391323,0.565333061544351,26.079964696543815,0.5835525138475077
2015-03-01,2015.0,3.0,eastern_pacific_otis,31,26.97965951997736,0.6503836136933889,26.3673470620231,0.6123124579542605
2015-04-01,2015.0,4.0,eastern_pacific_otis,30,27.848936567757544,1.0208405305047703,26.937158944390713,0.9117776233668309
2015-05-01,2015.0,5.0,eastern_pacific_otis,31,28.488547863501704,1.0861058571987503,27.535350775501094,0.9531970880006106
2015-06-01,2015.0,6.0,eastern_pacific_otis,30,28.43636868294854,0.737373090963558,27.676817790548057,0.7595508924004832
2015-07-01,2015.0,7.0,eastern_pacific_otis,31,28.814903578493638,0.8334928912550507,28.050031351324204,0.7648722271694339
2015-08-01,2015.0,8.0,eastern_pacific_otis,31,29.350960348296844,1.1252362339512463,28.328567274558093,1.0223930737387512
2015-09-01,2015.0,9.0,eastern_pacific_otis,30,29.224927476748014,1.0635257213920593,28.160403080920343,1.0645243958276716
2015-10-01,2015.0,10.0,eastern_pacific_otis,31,29.22514462107175,1.3510503450936022,27.89035968430876,1.3347849367629898
2015-11-01,2015.0,11.0,eastern_pacific_otis,30,28.760764303040283,1.26291391997539,27.57301438992966,1.187749913110622
2015-12-01,2015.0,12.0,eastern_pacific_otis,31,28.047092607699465,1.2054936152723614,26.87010418485478,1.1769884228446834
2016-01-01,2016.0,1.0,eastern_pacific_otis,31,27.496440547877146,1.2285459210587997,26.209968646296918,1.286471901580228
2016-02-01,2016.0,2.0,eastern_pacific_otis,29,26.835145683994543,0.7361183098291796,26.079964696543815,0.7551809874507285
2016-03-01,2016.0,3.0,eastern_pacific_otis,31,27.127064091904682,0.7972471185733004,26.3673470620231,0.7597170298815819
2016-04-01,2016.0,4.0,eastern_pacific_otis,30,27.64189830683603,0.8138117535490713,26.937158944390713,0.7047393624453164
2016-05-01,2016.0,5.0,eastern_pacific_otis,31,28.15053173162062,0.748104692911851,27.535350775501094,0.6151809561195272
2016-06-01,2016.0,6.0,eastern_pacific_otis,30,28.494366189186348,0.795355737491542,27.676817790548057,0.8175483986382908
2016-07-01,2016.0,7.0,eastern_pacific_otis,31,28.67297547581833,0.6915641055156441,28.050031351324204,0.6229441244941256
2016-08-01,2016.0,8.0,eastern_pacific_otis,31,29.02678611846234,0.80104414643487,28.328567274558093,0.6982188439042467
2016-09-01,2016.0,9.0,eastern_pacific_otis,30,28.731470705681794,0.5700703816166767,28.160403080920343,0.5710676247614508
2016-10-01,2016.0,10.0,eastern_pacific_otis,31,28.70964437228488,0.8355560786291623,27.89035968430876,0.819284687976122
2016-11-01,2016.0,11.0,eastern_pacific_otis,30,28.33119326239808,0.8333448096022128,27.57301438992966,0.7581788724684202
2016-12-01,2016.0,12.0,eastern_pacific_otis,31,27.522179874095762,0.6805611125425582,26.87010418485478,0.6520756892409807
2017-01-01,2017.0,1.0,eastern_pacific_otis,31,26.751224460494644,0.48370311408870026,26.209968646296918,0.5412558141977257
2017-02-01,2017.0,2.0,eastern_pacific_otis,28,26.504719039910732,0.4065162183002416,26.079964696543815,0.4247543433669172
2017-03-01,2017.0,3.0,eastern_pacific_otis,31,27.010011787166004,0.6807347068588921,26.3673470620231,0.6426647251429038
2017-04-01,2017.0,4.0,eastern_pacific_otis,30,27.402189683832496,0.5740996958986123,26.937158944390713,0.46503073944178297
2017-05-01,2017.0,5.0,eastern_pacific_otis,31,27.52610028943017,0.12367436034568156,27.535350775501094,-0.00925048607092549
2017-06-01,2017.0,6.0,eastern_pacific_otis,30,27.673824317328357,-0.025183215615575773,27.676817790548057,-0.0029934732196998937
2017-07-01,2017.0,7.0,eastern_pacific_otis,31,28.54989283709897,0.5684901586714749,28.050031351324204,0.4998614857747654
2017-08-01,2017.0,8.0,eastern_pacific_otis,31,28.749508511307443,0.52378143701784,28.328567274558093,0.4209412367493499
2017-09-01,2017.0,9.0,eastern_pacific_otis,30,28.47531113490205,0.313899864675898,28.160403080920343,0.31490805398170707
2017-10-01,2017.0,10.0,eastern_pacific_otis,31,28.349935965093877,0.4758557328599221,27.89035968430876,0.45957628078511803
2017-11-01,2017.0,11.0,eastern_pacific_otis,30,28.43880427857866,0.9409626170269255,27.57301438992966,0.865789888649001
2017-12-01,2017.0,12.0,eastern_pacific_otis,31,27.52758005891378,0.6859766009201359,26.87010418485478,0.6574758740589992
2018-01-01,2018.0,1.0,eastern_pacific_otis,31,26.540834410194375,0.27329124175910774,26.209968646296918,0.3308657638974566
2018-02-01,2018.0,2.0,eastern_pacific_otis,28,26.419340998804156,0.32115434652747427,26.079964696543815,0.3393763022603409
2018-03-01,2018.0,3.0,eastern_pacific_otis,31,26.840178051150836,0.5108949728037266,26.3673470620231,0.47283098912773625
2018-04-01,2018.0,4.0,eastern_pacific_otis,30,27.609744017057377,0.7816501406139009,26.937158944390713,0.6725850726666636
2018-05-01,2018.0,5.0,eastern_pacific_otis,31,28.095725912054718,0.6932986792763782,27.535350775501094,0.560375136553624
2018-06-01,2018.0,6.0,eastern_pacific_otis,30,27.975552848923208,0.2765166899350142,27.676817790548057,0.2987350583751507
2018-07-01,2018.0,7.0,eastern_pacific_otis,31,28.525321353465696,0.543912134956687,28.050031351324204,0.47529000214149164
2018-08-01,2018.0,8.0,eastern_pacific_otis,31,28.746079269439,0.5203377918633386,28.328567274558093,0.4175119948809076
2018-09-01,2018.0,9.0,eastern_pacific_otis,30,28.932050678977795,0.7706305119645321,28.160403080920343,0.7716475980574522
2018-10-01,2018.0,10.0,eastern_pacific_otis,31,28.225583460786478,0.35151108586289465,27.89035968430876,0.3352237764777186
2018-11-01,2018.0,11.0,eastern_pacific_otis,30,27.865116046903033,0.3672410566874674,27.57301438992966,0.2921016569733723
2018-12-01,2018.0,12.0,eastern_pacific_otis,31,27.191195997965245,0.3495858634517682,26.87010418485478,0.3210918131104634
2019-01-01,2019.0,1.0,eastern_pacific_otis,31,26.601003297721363,0.33343832799547246,26.209968646296918,0.3910346514244445
2019-02-01,2019.0,2.0,eastern_pacific_otis,28,26.620605104222165,0.5224144338415398,26.079964696543815,0.5406404076783495
2019-03-01,2019.0,3.0,eastern_pacific_otis,31,26.841044307977693,0.5117577948815702,26.3673470620231,0.47369724595459317
2019-04-01,2019.0,4.0,eastern_pacific_otis,30,27.37769376058658,0.549604121170451,26.937158944390713,0.44053481619586776
2019-05-01,2019.0,5.0,eastern_pacific_otis,31,27.77778150102375,0.3753495686600181,27.535350775501094,0.24243072552265588
2019-06-01,2019.0,6.0,eastern_pacific_otis,30,27.93599867698649,0.2369741681876251,27.676817790548057,0.2591808864384326
2019-07-01,2019.0,7.0,eastern_pacific_otis,31,28.568587511122672,0.5871876806509551,28.050031351324204,0.518556159798468
2019-08-01,2019.0,8.0,eastern_pacific_otis,31,29.036529414747662,0.8107899481615746,28.328567274558093,0.7079621401895686
2019-09-01,2019.0,9.0,eastern_pacific_otis,30,28.873592177053283,0.7121976318394893,28.160403080920343,0.7131890961329397
2019-10-01,2019.0,10.0,eastern_pacific_otis,31,28.216354760361405,0.34225869104018436,27.89035968430876,0.32599507605264577
2019-11-01,2019.0,11.0,eastern_pacific_otis,30,27.8240238110867,0.3261679444519261,27.57301438992966,0.2510094211570397
2019-12-01,2019.0,12.0,eastern_pacific_otis,31,27.413990026086402,0.5723904802660511,26.87010418485478,0.5438858412316208
2020-01-01,2020.0,1.0,eastern_pacific_otis,31,26.757405969490566,0.48950998243833455,26.209968646296918,0.5474373231936482
2020-02-01,2020.0,2.0,eastern_pacific_otis,29,26.74165480497097,0.6426311348703108,26.079964696543815,0.6616901084271554
2020-03-01,2020.0,3.0,eastern_pacific_otis,31,26.99412662666751,0.6643122426053085,26.3673470620231,0.6267795646444085
2020-04-01,2020.0,4.0,eastern_pacific_otis,30,27.587459391603293,0.759395495798501,26.937158944390713,0.6503004472125795
2020-05-01,2020.0,5.0,eastern_pacific_otis,31,27.980003364674253,0.5775534458310042,27.535350775501094,0.44465258917315964
2020-06-01,2020.0,6.0,eastern_pacific_otis,30,27.956853116390644,0.25785441910228774,27.676817790548057,0.2800353258425865
2020-07-01,2020.0,7.0,eastern_pacific_otis,31,28.58565884101745,0.6042415637062425,28.050031351324204,0.5356274896932476
2020-08-01,2020.0,8.0,eastern_pacific_otis,31,28.997577989856318,0.7718479903324075,28.328567274558093,0.6690107152982243
2020-09-01,2020.0,9.0,eastern_pacific_otis,30,28.50042023694238,0.33900655213181113,28.160403080920343,0.34001715602203575
2020-10-01,2020.0,10.0,eastern_pacific_otis,31,28.685107449857885,0.811012996837669,27.89035968430876,0.7947477655491255
2020-11-01,2020.0,11.0,eastern_pacific_otis,30,27.89273915495401,0.3948787763128009,27.57301438992966,0.31972476502435043
2020-12-01,2020.0,12.0,eastern_pacific_otis,31,27.037696516855924,0.196093361645818,26.87010418485478,0.1675923320011421
2021-01-01,2021.0,1.0,eastern_pacific_otis,31,26.16587542907345,-0.10165085814039353,26.209968646296918,-0.044093217223469594
2021-02-01,2021.0,2.0,eastern_pacific_otis,28,26.004597972081687,-0.09360074441629769,26.079964696543815,-0.07536672446212833
2021-03-01,2021.0,3.0,eastern_pacific_otis,31,26.265947837353544,-0.0633341283130434,26.3673470620231,-0.10139922466955653
2021-04-01,2021.0,4.0,eastern_pacific_otis,30,27.07479800345633,0.24670282227111248,26.937158944390713,0.13763905906561646
2021-05-01,2021.0,5.0,eastern_pacific_otis,31,27.662527035877478,0.26006648053299153,27.535350775501094,0.12717626037638396
2021-06-01,2021.0,6.0,eastern_pacific_otis,30,28.021339401149685,0.3223437753281542,27.676817790548057,0.3445216106016282
2021-07-01,2021.0,7.0,eastern_pacific_otis,31,28.36666875369761,0.38526218099747356,28.050031351324204,0.31663740237340576
2021-08-01,2021.0,8.0,eastern_pacific_otis,31,28.31695590233364,0.09122654090371456,28.328567274558093,-0.011611372224454186
2021-09-01,2021.0,9.0,eastern_pacific_otis,30,28.415793693116353,0.25438972551922945,28.160403080920343,0.25539061219600967
2021-10-01,2021.0,10.0,eastern_pacific_otis,31,28.49408351177082,0.6200036427898662,27.89035968430876,0.603723827462062
2021-11-01,2021.0,11.0,eastern_pacific_otis,30,27.74426418337128,0.24640861968739008,27.57301438992966,0.17124979344161773
2021-12-01,2021.0,12.0,eastern_pacific_otis,31,27.30759564539141,0.46599297524638517,26.87010418485478,0.43749146053662713
2022-01-01,2022.0,1.0,eastern_pacific_otis,31,26.78750789709562,0.5199645682091177,26.209968646296918,0.5775392507987007
2022-02-01,2022.0,2.0,eastern_pacific_otis,28,26.49991220038007,0.4017392942483766,26.079964696543815,0.419947503836255
2022-03-01,2022.0,3.0,eastern_pacific_otis,31,26.597700128428663,0.2684117228806818,26.3673470620231,0.23035306640556286
2022-04-01,2022.0,4.0,eastern_pacific_otis,30,27.15532764087845,0.3272509922602015,26.937158944390713,0.21816869648773718
2022-05-01,2022.0,5.0,eastern_pacific_otis,31,27.732417492184865,0.3299920948818506,27.535350775501094,0.1970667166837714
2022-06-01,2022.0,6.0,eastern_pacific_otis,30,27.363265799636075,-0.3357374437211667,27.676817790548057,-0.31355199091198216
2022-07-01,2022.0,7.0,eastern_pacific_otis,31,28.14803784017561,0.16663916691773148,28.050031351324204,0.09800648885140717
2022-08-01,2022.0,8.0,eastern_pacific_otis,31,28.70385351675484,0.47811296302938405,28.328567274558093,0.3752862421967471
2022-09-01,2022.0,9.0,eastern_pacific_otis,30,28.033616807212923,-0.12779467189826638,28.160403080920343,-0.12678627370742035
2022-10-01,2022.0,10.0,eastern_pacific_otis,31,28.065609932192043,0.1915381036758478,27.89035968430876,0.1752502478832838
2022-11-01,2022.0,11.0,eastern_pacific_otis,30,27.759810089236314,0.26195602699805026,27.57301438992966,0.18679569930665352
2022-12-01,2022.0,12.0,eastern_pacific_otis,31,26.83564272472291,-0.0059732030640651055,26.87010418485478,-0.03446146013187246
2023-01-01,2023.0,1.0,eastern_pacific_otis,31,26.382122414199305,0.11457639584374861,26.209968646296918,0.1721537679023868
2023-02-01,2023.0,2.0,eastern_pacific_otis,28,26.0050268186991,-0.09318243864518423,26.079964696543815,-0.0749378778447145
2023-03-01,2023.0,3.0,eastern_pacific_otis,31,26.551447551957683,0.22216312189034215,26.3673470620231,0.1841004899345826
2023-04-01,2023.0,4.0,eastern_pacific_otis,30,27.221076550040642,0.39298893789190176,26.937158944390713,0.2839176056499291
2023-05-01,2023.0,5.0,eastern_pacific_otis,31,27.78503548101785,0.38258540761731424,27.535350775501094,0.24968470551675637
2023-06-01,2023.0,6.0,eastern_pacific_otis,30,28.047322820507066,0.348304456446686,27.676817790548057,0.37050502995900914
2023-07-01,2023.0,7.0,eastern_pacific_otis,31,28.64232525780202,0.660907986821691,28.050031351324204,0.592293906477817
2023-08-01,2023.0,8.0,eastern_pacific_otis,31,29.24080538859573,1.015070505458873,28.328567274558093,0.9122381140376383
2023-09-01,2023.0,9.0,eastern_pacific_otis,30,29.214409361838264,1.0529969734231055,28.160403080920343,1.0540062809179211
2023-10-01,2023.0,10.0,eastern_pacific_otis,31,28.88735734685794,1.013273114693614,27.89035968430876,0.9969976625491803
2023-11-01,2023.0,11.0,eastern_pacific_otis,30,28.20618738248817,0.7083418437057384,27.57301438992966,0.6331729925585101
2023-12-01,2023.0,12.0,eastern_pacific_otis,31,27.657277500405755,0.815672041464455,26.87010418485478,0.787173315550973
2024-01-01,2024.0,1.0,eastern_pacific_otis,31,27.08024660292439,0.812343132511563,26.209968646296918,0.8702779566274721
2024-02-01,2024.0,2.0,eastern_pacific_otis,29,26.674656467191358,0.5756187182377283,26.079964696543815,0.5946917706475432
2024-03-01,2024.0,3.0,eastern_pacific_otis,31,26.97932164690613,0.6494982653469993,26.3673470620231,0.6119745848830291
2024-04-01,2024.0,4.0,eastern_pacific_otis,30,27.321699320401837,0.4936110427986422,26.937158944390713,0.3845403760111239
2024-05-01,2024.0,5.0,eastern_pacific_otis,31,28.121705074519642,0.7192696495571549,27.535350775501094,0.5863542990185486
2024-06-01,2024.0,6.0,eastern_pacific_otis,30,28.119306163168194,0.4202970128315413,27.676817790548057,0.4424883726201365
2024-07-01,2024.0,7.0,eastern_pacific_otis,31,28.726412556441403,0.7449950983770476,28.050031351324204,0.6763812051171989
2024-08-01,2024.0,8.0,eastern_pacific_otis,31,28.990312213746016,0.7645853243572888,28.328567274558093,0.6617449391879227
2024-09-01,2024.0,9.0,eastern_pacific_otis,30,29.10865597766431,0.9472445463755185,28.160403080920343,0.9482528967439663
2024-10-01,2024.0,10.0,eastern_pacific_otis,31,28.434208727515045,0.5601111599935712,27.89035968430876,0.5438490432062864
2024-11-01,2024.0,11.0,eastern_pacific_otis,30,27.660764869691636,0.1629070139120578,27.57301438992966,0.0877504797619757
2024-12-01,2024.0,12.0,eastern_pacific_otis,31,27.002311640399885,0.16071569218126583,26.87010418485478,0.13220745554510316
2025-01-01,2025.0,1.0,eastern_pacific_otis,30,26.33023882888144,0.06217899505556047,26.209968646296918,0.12027018258452316
2025-02-01,2025.0,2.0,eastern_pacific_otis,28,26.274794185585026,0.17660507604113715,26.079964696543815,0.19482948904121145
2025-03-01,2025.0,3.0,eastern_pacific_otis,31,26.524217918208095,0.19491645760155726,26.3673470620231,0.15687085618499452
2025-04-01,2025.0,4.0,eastern_pacific_otis,30,26.869548116752632,0.04145723327515657,26.937158944390713,-0.0676108276380809
2025-05-01,2025.0,5.0,eastern_pacific_otis,31,27.68273303655005,0.28029039389960353,27.535350775501094,0.14738226104895702
2025-06-01,2025.0,6.0,eastern_pacific_otis,30,27.644157758262413,-0.05486346680093058,27.676817790548057,-0.03266003228564429
2025-07-01,2025.0,7.0,eastern_pacific_otis,31,28.35363506877369,0.3722299720070355,28.050031351324204,0.3036037174494872
2025-08-01,2025.0,8.0,eastern_pacific_otis,31,28.963048578295723,0.737302037663616,28.328567274558093,0.6344813037376298
2025-09-01,2025.0,9.0,eastern_pacific_otis,30,28.8307801124325,0.6693751254494346,28.160403080920343,0.6703770315121567
2025-10-01,2025.0,10.0,eastern_pacific_otis,31,28.070555267968192,0.19647910421118714,27.89035968430876,0.1801955836594331
2025-11-01,2025.0,11.0,eastern_pacific_otis,30,27.838347845427826,0.340488551589974,27.57301438992966,0.26533345549816545
2025-12-01,2025.0,12.0,eastern_pacific_otis,31,27.524320743467097,0.6827066072768444,26.87010418485478,0.6542165586123154
